{
  "stage": "C",
  "label": "expert_absolute_pro_openrouter_openai_gpt_5",
  "kind": "expert",
  "systems": {
    "openrouter:openai/gpt-5": {
      "generator_family": "openai",
      "metrics": {
        "rag_fidelity": {
          "all": {
            "mean": 1.888888888888889,
            "ci_low": 1.6666666666666667,
            "ci_high": 2.0,
            "count": 15
          },
          "lofo": {
            "mean": 1.888888888888889,
            "ci_low": 1.6666666666666667,
            "ci_high": 2.0,
            "count": 15
          }
        },
        "citation_relevance": {
          "all": {
            "mean": 1.8666666666666667,
            "ci_low": 1.6,
            "ci_high": 2.0,
            "count": 15
          },
          "lofo": {
            "mean": 1.8666666666666667,
            "ci_low": 1.6,
            "ci_high": 2.0,
            "count": 15
          }
        },
        "source_fit": {
          "all": {
            "mean": 1.8844444444444444,
            "ci_low": 1.6600000000000001,
            "ci_high": 2.0,
            "count": 15
          },
          "lofo": {
            "mean": 1.8844444444444444,
            "ci_low": 1.6600000000000001,
            "ci_high": 2.0,
            "count": 15
          }
        },
        "citation_quality": {
          "all": {
            "mean": 1.8222222222222224,
            "ci_low": 1.5333333333333337,
            "ci_high": 2.0,
            "count": 15
          },
          "lofo": {
            "mean": 1.8222222222222224,
            "ci_low": 1.5333333333333337,
            "ci_high": 2.0,
            "count": 15
          }
        },
        "actionability": {
          "all": {
            "mean": 0.9333333333333335,
            "ci_low": 0.908888888888889,
            "ci_high": 0.9577777777777778,
            "count": 15
          },
          "lofo": {
            "mean": 0.9333333333333335,
            "ci_low": 0.908888888888889,
            "ci_high": 0.9577777777777778,
            "count": 15
          }
        },
        "persona_compliance": {
          "all": {
            "mean": 1.577777777777778,
            "ci_low": 1.3555555555555556,
            "ci_high": 1.755555555555556,
            "count": 15
          },
          "lofo": {
            "mean": 1.577777777777778,
            "ci_low": 1.3555555555555556,
            "ci_high": 1.755555555555556,
            "count": 15
          }
        },
        "stage_awareness": {
          "all": {
            "mean": 2.0,
            "ci_low": 2.0,
            "ci_high": 2.0,
            "count": 15
          },
          "lofo": {
            "mean": 2.0,
            "ci_low": 2.0,
            "ci_high": 2.0,
            "count": 15
          }
        },
        "tone_constructive": {
          "all": {
            "mean": 1.8000000000000003,
            "ci_low": 1.6888888888888893,
            "ci_high": 1.8888888888888893,
            "count": 15
          },
          "lofo": {
            "mean": 1.8000000000000003,
            "ci_low": 1.6888888888888893,
            "ci_high": 1.8888888888888893,
            "count": 15
          }
        },
        "plan_completeness": {
          "all": {
            "mean": 1.0,
            "ci_low": 0.7961166989641514,
            "ci_high": 1.0,
            "count": 15
          },
          "lofo": {
            "mean": 1.0,
            "ci_low": 0.7961166989641514,
            "ci_high": 1.0,
            "count": 15
          }
        },
        "risk_mitigation": {
          "all": {
            "mean": 1.0,
            "ci_low": 0.7575059933447591,
            "ci_high": 1.0,
            "count": 12
          },
          "lofo": {
            "mean": 1.0,
            "ci_low": 0.7575059933447591,
            "ci_high": 1.0,
            "count": 12
          }
        },
        "timeline_quality": {
          "all": {
            "mean": 1.0,
            "ci_low": 0.700854951580456,
            "ci_high": 1.0,
            "count": 9
          },
          "lofo": {
            "mean": 1.0,
            "ci_low": 0.700854951580456,
            "ci_high": 1.0,
            "count": 9
          }
        },
        "resource_estimation": {
          "all": {
            "mean": 1.0,
            "ci_low": 0.7411670330319683,
            "ci_high": 1.0,
            "count": 11
          },
          "lofo": {
            "mean": 1.0,
            "ci_low": 0.7411670330319683,
            "ci_high": 1.0,
            "count": 11
          }
        },
        "expectation_management": {
          "all": {
            "mean": 1.0,
            "ci_low": 0.20654931437723742,
            "ci_high": 1.0,
            "count": 1
          },
          "lofo": {
            "mean": 1.0,
            "ci_low": 0.20654931437723742,
            "ci_high": 1.0,
            "count": 1
          }
        },
        "feasibility_analysis": {
          "all": {
            "mean": 1.0,
            "ci_low": 0.3423802275066531,
            "ci_high": 1.0,
            "count": 2
          },
          "lofo": {
            "mean": 1.0,
            "ci_low": 0.3423802275066531,
            "ci_high": 1.0,
            "count": 2
          }
        },
        "experiment_design": {
          "all": {
            "mean": 1.0,
            "ci_low": 0.5101091635454027,
            "ci_high": 1.0,
            "count": 4
          },
          "lofo": {
            "mean": 1.0,
            "ci_low": 0.5101091635454027,
            "ci_high": 1.0,
            "count": 4
          }
        },
        "skills_gap_guidance": {
          "all": {
            "mean": 1.0,
            "ci_low": 0.20654931437723742,
            "ci_high": 1.0,
            "count": 1
          },
          "lofo": {
            "mean": 1.0,
            "ci_low": 0.20654931437723742,
            "ci_high": 1.0,
            "count": 1
          }
        }
      }
    }
  }
}