{
  "stage": "F",
  "label": "student_outcome_judge_openrouter_anthropic_claude_sonnet_4_5",
  "kind": "student",
  "systems": {
    "openrouter:anthropic/claude-sonnet-4.5": {
      "generator_family": "anthropic",
      "metrics": {
        "student_actionability": {
          "all": {
            "mean": 1.2055555555555557,
            "ci_low": 1.098861111111111,
            "ci_high": 1.3033611111111107,
            "count": 15
          },
          "lofo": {
            "mean": 1.2055555555555557,
            "ci_low": 1.098861111111111,
            "ci_high": 1.3033611111111107,
            "count": 15
          }
        },
        "student_clarity": {
          "all": {
            "mean": 1.4966666666666668,
            "ci_low": 1.4111111111111112,
            "ci_high": 1.5677777777777775,
            "count": 15
          },
          "lofo": {
            "mean": 1.4966666666666668,
            "ci_low": 1.4111111111111112,
            "ci_high": 1.5677777777777775,
            "count": 15
          }
        },
        "student_constraint_fit": {
          "all": {
            "mean": 1.1544444444444444,
            "ci_low": 1.02,
            "ci_high": 1.288888888888889,
            "count": 15
          },
          "lofo": {
            "mean": 1.1544444444444444,
            "ci_low": 1.02,
            "ci_high": 1.288888888888889,
            "count": 15
          }
        },
        "student_confidence_gain": {
          "all": {
            "mean": 1.3266666666666669,
            "ci_low": 1.2066666666666668,
            "ci_high": 1.44,
            "count": 15
          },
          "lofo": {
            "mean": 1.3266666666666669,
            "ci_low": 1.2066666666666668,
            "ci_high": 1.44,
            "count": 15
          }
        },
        "student_path_ready": {
          "all": {
            "mean": 0.8,
            "ci_low": 0.5481455128483065,
            "ci_high": 0.9295245065301844,
            "count": 15
          },
          "lofo": {
            "mean": 0.8,
            "ci_low": 0.5481455128483065,
            "ci_high": 0.9295245065301844,
            "count": 15
          }
        },
        "student_failure_modes": {
          "all": {
            "mean": 1.0,
            "ci_low": 0.7961166989641514,
            "ci_high": 1.0,
            "count": 15
          },
          "lofo": {
            "mean": 1.0,
            "ci_low": 0.7961166989641514,
            "ci_high": 1.0,
            "count": 15
          }
        }
      }
    }
  }
}