{
  "stage": "A",
  "label": "student_outcome_judge_openrouter_anthropic_claude_sonnet_4_5",
  "kind": "student",
  "systems": {
    "openrouter:anthropic/claude-sonnet-4.5": {
      "generator_family": "anthropic",
      "metrics": {
        "student_actionability": {
          "all": {
            "mean": 1.64,
            "ci_low": 1.4777777777777776,
            "ci_high": 1.7711111111111109,
            "count": 15
          },
          "lofo": {
            "mean": 1.64,
            "ci_low": 1.4777777777777776,
            "ci_high": 1.7711111111111109,
            "count": 15
          }
        },
        "student_clarity": {
          "all": {
            "mean": 1.7200000000000002,
            "ci_low": 1.617777777777778,
            "ci_high": 1.797777777777778,
            "count": 15
          },
          "lofo": {
            "mean": 1.7200000000000002,
            "ci_low": 1.617777777777778,
            "ci_high": 1.797777777777778,
            "count": 15
          }
        },
        "student_constraint_fit": {
          "all": {
            "mean": 1.6000000000000003,
            "ci_low": 1.4332222222222224,
            "ci_high": 1.74,
            "count": 15
          },
          "lofo": {
            "mean": 1.6000000000000003,
            "ci_low": 1.4332222222222224,
            "ci_high": 1.74,
            "count": 15
          }
        },
        "student_confidence_gain": {
          "all": {
            "mean": 1.6444444444444446,
            "ci_low": 1.4977222222222222,
            "ci_high": 1.751111111111111,
            "count": 15
          },
          "lofo": {
            "mean": 1.6444444444444446,
            "ci_low": 1.4977222222222222,
            "ci_high": 1.751111111111111,
            "count": 15
          }
        },
        "student_path_ready": {
          "all": {
            "mean": 0.9333333333333333,
            "ci_low": 0.7018347012621998,
            "ci_high": 0.9881331045067316,
            "count": 15
          },
          "lofo": {
            "mean": 0.9333333333333333,
            "ci_low": 0.7018347012621998,
            "ci_high": 0.9881331045067316,
            "count": 15
          }
        },
        "student_failure_modes": {
          "all": {
            "mean": 0.7333333333333333,
            "ci_low": 0.48049565944019434,
            "ci_high": 0.8910254667430763,
            "count": 15
          },
          "lofo": {
            "mean": 0.7333333333333333,
            "ci_low": 0.48049565944019434,
            "ci_high": 0.8910254667430763,
            "count": 15
          }
        }
      }
    }
  }
}