{
  "stage": "E",
  "label": "expert_absolute_pro_openrouter_anthropic_claude_sonnet_4_5",
  "kind": "expert",
  "systems": {
    "openrouter:anthropic/claude-sonnet-4.5": {
      "generator_family": "anthropic",
      "metrics": {
        "rag_fidelity": {
          "all": {
            "mean": 1.1444444444444444,
            "ci_low": 0.8555555555555554,
            "ci_high": 1.4222222222222223,
            "count": 15
          },
          "lofo": {
            "mean": 1.1444444444444444,
            "ci_low": 0.8555555555555554,
            "ci_high": 1.4222222222222223,
            "count": 15
          }
        },
        "citation_relevance": {
          "all": {
            "mean": 1.8177777777777775,
            "ci_low": 1.6444444444444444,
            "ci_high": 1.9555555555555555,
            "count": 15
          },
          "lofo": {
            "mean": 1.8177777777777775,
            "ci_low": 1.6444444444444444,
            "ci_high": 1.9555555555555555,
            "count": 15
          }
        },
        "source_fit": {
          "all": {
            "mean": 1.862222222222222,
            "ci_low": 1.7244444444444442,
            "ci_high": 1.9955555555555555,
            "count": 15
          },
          "lofo": {
            "mean": 1.862222222222222,
            "ci_low": 1.7244444444444442,
            "ci_high": 1.9955555555555555,
            "count": 15
          }
        },
        "citation_quality": {
          "all": {
            "mean": 1.5733333333333335,
            "ci_low": 1.3465555555555555,
            "ci_high": 1.7955555555555553,
            "count": 15
          },
          "lofo": {
            "mean": 1.5733333333333335,
            "ci_low": 1.3465555555555555,
            "ci_high": 1.7955555555555553,
            "count": 15
          }
        },
        "actionability": {
          "all": {
            "mean": 0.8133333333333334,
            "ci_low": 0.7243333333333334,
            "ci_high": 0.8933333333333332,
            "count": 15
          },
          "lofo": {
            "mean": 0.8133333333333334,
            "ci_low": 0.7243333333333334,
            "ci_high": 0.8933333333333332,
            "count": 15
          }
        },
        "persona_compliance": {
          "all": {
            "mean": 1.8444444444444446,
            "ci_low": 1.6888888888888889,
            "ci_high": 1.9777777777777779,
            "count": 15
          },
          "lofo": {
            "mean": 1.8444444444444446,
            "ci_low": 1.6888888888888889,
            "ci_high": 1.9777777777777779,
            "count": 15
          }
        },
        "stage_awareness": {
          "all": {
            "mean": 1.8666666666666667,
            "ci_low": 1.7555555555555553,
            "ci_high": 1.9777777777777779,
            "count": 15
          },
          "lofo": {
            "mean": 1.8666666666666667,
            "ci_low": 1.7555555555555553,
            "ci_high": 1.9777777777777779,
            "count": 15
          }
        },
        "tone_constructive": {
          "all": {
            "mean": 1.9111111111111114,
            "ci_low": 1.8444444444444448,
            "ci_high": 1.9777777777777779,
            "count": 15
          },
          "lofo": {
            "mean": 1.9111111111111114,
            "ci_low": 1.8444444444444448,
            "ci_high": 1.9777777777777779,
            "count": 15
          }
        },
        "evidence_gap_detection": {
          "all": {
            "mean": 0.5,
            "ci_low": 0.15003898915214947,
            "ci_high": 0.8499610108478506,
            "count": 4
          },
          "lofo": {
            "mean": 0.5,
            "ci_low": 0.15003898915214947,
            "ci_high": 0.8499610108478506,
            "count": 4
          }
        },
        "risk_analysis": {
          "all": {
            "mean": 1.0,
            "ci_low": 0.5655175352168252,
            "ci_high": 1.0,
            "count": 5
          },
          "lofo": {
            "mean": 1.0,
            "ci_low": 0.5655175352168252,
            "ci_high": 1.0,
            "count": 5
          }
        },
        "expectation_management": {
          "all": {
            "mean": 1.0,
            "ci_low": 0.7575059933447591,
            "ci_high": 1.0,
            "count": 12
          },
          "lofo": {
            "mean": 1.0,
            "ci_low": 0.7575059933447591,
            "ci_high": 1.0,
            "count": 12
          }
        },
        "risk_mitigation": {
          "all": {
            "mean": 1.0,
            "ci_low": 0.6755924351161198,
            "ci_high": 1.0,
            "count": 8
          },
          "lofo": {
            "mean": 1.0,
            "ci_low": 0.6755924351161198,
            "ci_high": 1.0,
            "count": 8
          }
        },
        "experiment_design": {
          "all": {
            "mean": 1.0,
            "ci_low": 0.20654931437723742,
            "ci_high": 1.0,
            "count": 1
          },
          "lofo": {
            "mean": 1.0,
            "ci_low": 0.20654931437723742,
            "ci_high": 1.0,
            "count": 1
          }
        }
      }
    }
  }
}