{
  "by_baseline": {
    "claude": {
      "accuracy": 0.7435897435897436,
      "auc": 0.6693121693121693,
      "n_decisive": 78,
      "n_total": 79,
      "pearson_r": 0.18130384319427778,
      "spearman_r": 0.23227936553435188
    },
    "gemini": {
      "accuracy": 0.3770491803278688,
      "auc": 0.5626361655773421,
      "n_decisive": 61,
      "n_total": 64,
      "pearson_r": 0.008226420676494562,
      "spearman_r": 0.1110640140858815
    },
    "gpt5": {
      "accuracy": 0.4507042253521127,
      "auc": 0.5879629629629629,
      "n_decisive": 71,
      "n_total": 75,
      "pearson_r": 0.1502429104300974,
      "spearman_r": 0.1490860580877007
    }
  },
  "overall": {
    "accuracy": 0.5380952380952381,
    "auc": 0.6287902148216672,
    "n_decisive": 210,
    "n_total": 218,
    "pearson_r": 0.1777514196549154,
    "spearman_r": 0.210344394278192
  }
}