{
  "stage_a_01": {
    "holistic_score": 1.5,
    "stage_awareness": 2.0,
    "actionability": 1.1851851851851851,
    "clarification_quality": 1.8333333333333333
  },
  "stage_a_05": {
    "holistic_score": 1.5,
    "stage_awareness": 2.0,
    "actionability": 1.1666666666666667,
    "clarification_quality": 2.0
  },
  "stage_a_10": {
    "holistic_score": 1.5,
    "stage_awareness": 2.0,
    "actionability": 1.3333333333333333,
    "clarification_quality": 1.8333333333333333
  },
  "stage_b_01": {
    "holistic_score": 1.4166666666666667,
    "stage_awareness": 2.0,
    "actionability": 0.8333333333333334,
    "clarification_quality": 2.0
  },
  "stage_b_05": {
    "holistic_score": 1.5833333333333333,
    "stage_awareness": 2.0,
    "actionability": 0.8333333333333334,
    "clarification_quality": 1.8333333333333333
  },
  "stage_b_10": {
    "holistic_score": 1.5,
    "stage_awareness": 2.0,
    "actionability": 0.8333333333333334,
    "clarification_quality": 1.6666666666666667
  },
  "stage_c_01": {
    "holistic_score": 1.5833333333333333,
    "stage_awareness": 2.0,
    "actionability": 1.5,
    "clarification_quality": 0.8333333333333334
  },
  "stage_c_05": {
    "holistic_score": 1.5833333333333333,
    "stage_awareness": 2.0,
    "actionability": 1.5,
    "clarification_quality": 1.6666666666666667
  },
  "stage_c_10": {
    "holistic_score": 1.5833333333333333,
    "stage_awareness": 2.0,
    "actionability": 1.5,
    "clarification_quality": 1.5
  },
  "stage_d_01": {
    "holistic_score": 1.5,
    "stage_awareness": 2.0,
    "actionability": 1.1666666666666667,
    "clarification_quality": 1.5
  },
  "stage_d_05": {
    "holistic_score": 1.6833333333333333,
    "stage_awareness": 2.0,
    "actionability": 1.5,
    "clarification_quality": 1.1296296296296295
  },
  "stage_d_10": {
    "holistic_score": 1.5833333333333333,
    "stage_awareness": 2.0,
    "actionability": 1.3333333333333333,
    "clarification_quality": 2.0
  },
  "stage_e_01": {
    "holistic_score": 1.5833333333333333,
    "stage_awareness": 1.3333333333333333,
    "actionability": 1.3333333333333333,
    "clarification_quality": 0.6666666666666666
  },
  "stage_e_05": {
    "holistic_score": 1.5833333333333333,
    "stage_awareness": 2.0,
    "actionability": 1.3333333333333333,
    "clarification_quality": 1.1666666666666667
  },
  "stage_e_10": {
    "holistic_score": 1.5,
    "stage_awareness": 0.6666666666666666,
    "actionability": 1.5,
    "clarification_quality": 0.6666666666666666
  },
  "stage_f_01": {
    "holistic_score": 1.5,
    "stage_awareness": 2.0,
    "actionability": 1.1666666666666667,
    "clarification_quality": 1.0
  },
  "stage_f_05": {
    "holistic_score": 1.5833333333333333,
    "stage_awareness": 2.0,
    "actionability": 1.3333333333333333,
    "clarification_quality": 1.5
  },
  "stage_f_10": {
    "holistic_score": 1.5833333333333333,
    "stage_awareness": 2.0,
    "actionability": 1.3333333333333333,
    "clarification_quality": 1.0
  }
}