{
  "stage": "B",
  "label": "student_outcome_judge_openrouter_anthropic_claude_sonnet_4_5",
  "kind": "student",
  "systems": {
    "openrouter:anthropic/claude-sonnet-4.5": {
      "generator_family": "anthropic",
      "metrics": {
        "student_actionability": {
          "all": {
            "mean": 1.346666666666667,
            "ci_low": 1.2310555555555556,
            "ci_high": 1.4644444444444444,
            "count": 15
          },
          "lofo": {
            "mean": 1.346666666666667,
            "ci_low": 1.2310555555555556,
            "ci_high": 1.4644444444444444,
            "count": 15
          }
        },
        "student_clarity": {
          "all": {
            "mean": 1.5844444444444445,
            "ci_low": 1.5177222222222222,
            "ci_high": 1.6533888888888888,
            "count": 15
          },
          "lofo": {
            "mean": 1.5844444444444445,
            "ci_low": 1.5177222222222222,
            "ci_high": 1.6533888888888888,
            "count": 15
          }
        },
        "student_constraint_fit": {
          "all": {
            "mean": 1.1933333333333331,
            "ci_low": 1.0555555555555556,
            "ci_high": 1.3244444444444445,
            "count": 15
          },
          "lofo": {
            "mean": 1.1933333333333331,
            "ci_low": 1.0555555555555556,
            "ci_high": 1.3244444444444445,
            "count": 15
          }
        },
        "student_confidence_gain": {
          "all": {
            "mean": 1.597777777777778,
            "ci_low": 1.528888888888889,
            "ci_high": 1.6622222222222227,
            "count": 15
          },
          "lofo": {
            "mean": 1.597777777777778,
            "ci_low": 1.528888888888889,
            "ci_high": 1.6622222222222227,
            "count": 15
          }
        },
        "student_path_ready": {
          "all": {
            "mean": 0.7333333333333333,
            "ci_low": 0.48049565944019434,
            "ci_high": 0.8910254667430763,
            "count": 15
          },
          "lofo": {
            "mean": 0.7333333333333333,
            "ci_low": 0.48049565944019434,
            "ci_high": 0.8910254667430763,
            "count": 15
          }
        },
        "student_failure_modes": {
          "all": {
            "mean": 0.7333333333333333,
            "ci_low": 0.48049565944019434,
            "ci_high": 0.8910254667430763,
            "count": 15
          },
          "lofo": {
            "mean": 0.7333333333333333,
            "ci_low": 0.48049565944019434,
            "ci_high": 0.8910254667430763,
            "count": 15
          }
        }
      }
    }
  }
}