{
  "stage": "B",
  "label": "expert_absolute_pro_openrouter_openai_gpt_5",
  "kind": "expert",
  "systems": {
    "openrouter:openai/gpt-5": {
      "generator_family": "openai",
      "metrics": {
        "rag_fidelity": {
          "all": {
            "mean": 2.0,
            "ci_low": 2.0,
            "ci_high": 2.0,
            "count": 15
          },
          "lofo": {
            "mean": 2.0,
            "ci_low": 2.0,
            "ci_high": 2.0,
            "count": 15
          }
        },
        "citation_relevance": {
          "all": {
            "mean": 1.9977777777777779,
            "ci_low": 1.9933333333333332,
            "ci_high": 2.0,
            "count": 15
          },
          "lofo": {
            "mean": 1.9977777777777779,
            "ci_low": 1.9933333333333332,
            "ci_high": 2.0,
            "count": 15
          }
        },
        "source_fit": {
          "all": {
            "mean": 1.9933333333333332,
            "ci_low": 1.9822222222222223,
            "ci_high": 2.0,
            "count": 15
          },
          "lofo": {
            "mean": 1.9933333333333332,
            "ci_low": 1.9822222222222223,
            "ci_high": 2.0,
            "count": 15
          }
        },
        "citation_quality": {
          "all": {
            "mean": 1.922222222222222,
            "ci_low": 1.8444444444444448,
            "ci_high": 1.9777777777777779,
            "count": 15
          },
          "lofo": {
            "mean": 1.922222222222222,
            "ci_low": 1.8444444444444448,
            "ci_high": 1.9777777777777779,
            "count": 15
          }
        },
        "actionability": {
          "all": {
            "mean": 0.9133333333333334,
            "ci_low": 0.868888888888889,
            "ci_high": 0.948888888888889,
            "count": 15
          },
          "lofo": {
            "mean": 0.9133333333333334,
            "ci_low": 0.868888888888889,
            "ci_high": 0.948888888888889,
            "count": 15
          }
        },
        "persona_compliance": {
          "all": {
            "mean": 1.9777777777777779,
            "ci_low": 1.9333333333333336,
            "ci_high": 2.0,
            "count": 15
          },
          "lofo": {
            "mean": 1.9777777777777779,
            "ci_low": 1.9333333333333336,
            "ci_high": 2.0,
            "count": 15
          }
        },
        "stage_awareness": {
          "all": {
            "mean": 1.9777777777777779,
            "ci_low": 1.9333333333333336,
            "ci_high": 2.0,
            "count": 15
          },
          "lofo": {
            "mean": 1.9777777777777779,
            "ci_low": 1.9333333333333336,
            "ci_high": 2.0,
            "count": 15
          }
        },
        "tone_constructive": {
          "all": {
            "mean": 1.9555555555555557,
            "ci_low": 1.888888888888889,
            "ci_high": 2.0,
            "count": 15
          },
          "lofo": {
            "mean": 1.9555555555555557,
            "ci_low": 1.888888888888889,
            "ci_high": 2.0,
            "count": 15
          }
        },
        "scope_feasibility": {
          "all": {
            "mean": 1.0,
            "ci_low": 0.20654931437723742,
            "ci_high": 1.0,
            "count": 1
          },
          "lofo": {
            "mean": 1.0,
            "ci_low": 0.20654931437723742,
            "ci_high": 1.0,
            "count": 1
          }
        },
        "novelty_assessment": {
          "all": {
            "mean": 1.0,
            "ci_low": 0.7846891972623642,
            "ci_high": 1.0,
            "count": 14
          },
          "lofo": {
            "mean": 1.0,
            "ci_low": 0.7846891972623642,
            "ci_high": 1.0,
            "count": 14
          }
        },
        "expectation_management": {
          "all": {
            "mean": 1.0,
            "ci_low": 0.5655175352168252,
            "ci_high": 1.0,
            "count": 5
          },
          "lofo": {
            "mean": 1.0,
            "ci_low": 0.5655175352168252,
            "ci_high": 1.0,
            "count": 5
          }
        },
        "feasibility_analysis": {
          "all": {
            "mean": 0.8333333333333334,
            "ci_low": 0.4364971778135299,
            "ci_high": 0.9699466302516934,
            "count": 6
          },
          "lofo": {
            "mean": 0.8333333333333334,
            "ci_low": 0.4364971778135299,
            "ci_high": 0.9699466302516934,
            "count": 6
          }
        },
        "risk_analysis": {
          "all": {
            "mean": 0.8571428571428571,
            "ci_low": 0.48687217072568106,
            "ci_high": 0.9743203756552565,
            "count": 7
          },
          "lofo": {
            "mean": 0.8571428571428571,
            "ci_low": 0.48687217072568106,
            "ci_high": 0.9743203756552565,
            "count": 7
          }
        },
        "hypothesis_generation": {
          "all": {
            "mean": 1.0,
            "ci_low": 0.6096657120978346,
            "ci_high": 1.0,
            "count": 6
          },
          "lofo": {
            "mean": 1.0,
            "ci_low": 0.6096657120978346,
            "ci_high": 1.0,
            "count": 6
          }
        },
        "domain_mapping": {
          "all": {
            "mean": 1.0,
            "ci_low": 0.20654931437723742,
            "ci_high": 1.0,
            "count": 1
          },
          "lofo": {
            "mean": 1.0,
            "ci_low": 0.20654931437723742,
            "ci_high": 1.0,
            "count": 1
          }
        },
        "experiment_design": {
          "all": {
            "mean": 1.0,
            "ci_low": 0.20654931437723742,
            "ci_high": 1.0,
            "count": 1
          },
          "lofo": {
            "mean": 1.0,
            "ci_low": 0.20654931437723742,
            "ci_high": 1.0,
            "count": 1
          }
        },
        "distractor_rejection": {
          "all": {
            "mean": 1.0,
            "ci_low": 0.3423802275066531,
            "ci_high": 1.0,
            "count": 2
          },
          "lofo": {
            "mean": 1.0,
            "ci_low": 0.3423802275066531,
            "ci_high": 1.0,
            "count": 2
          }
        },
        "evidence_gap_detection": {
          "all": {
            "mean": 0.0,
            "ci_low": 0.0,
            "ci_high": 0.7934506856227626,
            "count": 1
          },
          "lofo": {
            "mean": 0.0,
            "ci_low": 0.0,
            "ci_high": 0.7934506856227626,
            "count": 1
          }
        },
        "skills_gap_guidance": {
          "all": {
            "mean": 1.0,
            "ci_low": 0.20654931437723742,
            "ci_high": 1.0,
            "count": 1
          },
          "lofo": {
            "mean": 1.0,
            "ci_low": 0.20654931437723742,
            "ci_high": 1.0,
            "count": 1
          }
        }
      }
    }
  }
}