{
  "stage": "F",
  "label": "expert_absolute_pro_openrouter_anthropic_claude_sonnet_4_5",
  "kind": "expert",
  "systems": {
    "openrouter:anthropic/claude-sonnet-4.5": {
      "generator_family": "anthropic",
      "metrics": {
        "rag_fidelity": {
          "all": {
            "mean": 0.5888888888888888,
            "ci_low": 0.4663888888888893,
            "ci_high": 0.7224999999999987,
            "count": 15
          },
          "lofo": {
            "mean": 0.5888888888888888,
            "ci_low": 0.4663888888888893,
            "ci_high": 0.7224999999999987,
            "count": 15
          }
        },
        "citation_relevance": {
          "all": {
            "mean": 1.0222222222222221,
            "ci_low": 0.7777777777777778,
            "ci_high": 1.2666666666666664,
            "count": 15
          },
          "lofo": {
            "mean": 1.0222222222222221,
            "ci_low": 0.7777777777777778,
            "ci_high": 1.2666666666666664,
            "count": 15
          }
        },
        "source_fit": {
          "all": {
            "mean": 1.577777777777778,
            "ci_low": 1.3999999999999997,
            "ci_high": 1.755555555555556,
            "count": 15
          },
          "lofo": {
            "mean": 1.577777777777778,
            "ci_low": 1.3999999999999997,
            "ci_high": 1.755555555555556,
            "count": 15
          }
        },
        "citation_quality": {
          "all": {
            "mean": 0.4111111111111111,
            "ci_low": 0.2111111111111111,
            "ci_high": 0.6333333333333333,
            "count": 15
          },
          "lofo": {
            "mean": 0.4111111111111111,
            "ci_low": 0.2111111111111111,
            "ci_high": 0.6333333333333333,
            "count": 15
          }
        },
        "actionability": {
          "all": {
            "mean": 0.7444444444444444,
            "ci_low": 0.6999999999999998,
            "ci_high": 0.7911111111111111,
            "count": 15
          },
          "lofo": {
            "mean": 0.7444444444444444,
            "ci_low": 0.6999999999999998,
            "ci_high": 0.7911111111111111,
            "count": 15
          }
        },
        "persona_compliance": {
          "all": {
            "mean": 1.9555555555555557,
            "ci_low": 1.888888888888889,
            "ci_high": 2.0,
            "count": 15
          },
          "lofo": {
            "mean": 1.9555555555555557,
            "ci_low": 1.888888888888889,
            "ci_high": 2.0,
            "count": 15
          }
        },
        "stage_awareness": {
          "all": {
            "mean": 1.6666666666666665,
            "ci_low": 1.5111111111111113,
            "ci_high": 1.8222222222222222,
            "count": 15
          },
          "lofo": {
            "mean": 1.6666666666666665,
            "ci_low": 1.5111111111111113,
            "ci_high": 1.8222222222222222,
            "count": 15
          }
        },
        "tone_constructive": {
          "all": {
            "mean": 1.7777777777777781,
            "ci_low": 1.666666666666667,
            "ci_high": 1.8888888888888888,
            "count": 15
          },
          "lofo": {
            "mean": 1.7777777777777781,
            "ci_low": 1.666666666666667,
            "ci_high": 1.8888888888888888,
            "count": 15
          }
        },
        "plan_completeness": {
          "all": {
            "mean": 0.0,
            "ci_low": 0.0,
            "ci_high": 0.2991450484195441,
            "count": 9
          },
          "lofo": {
            "mean": 0.0,
            "ci_low": 0.0,
            "ci_high": 0.2991450484195441,
            "count": 9
          }
        },
        "timeline_quality": {
          "all": {
            "mean": 1.0,
            "ci_low": 0.4385029682449545,
            "ci_high": 1.0,
            "count": 3
          },
          "lofo": {
            "mean": 1.0,
            "ci_low": 0.4385029682449545,
            "ci_high": 1.0,
            "count": 3
          }
        },
        "risk_mitigation": {
          "all": {
            "mean": 1.0,
            "ci_low": 0.700854951580456,
            "ci_high": 1.0,
            "count": 9
          },
          "lofo": {
            "mean": 1.0,
            "ci_low": 0.700854951580456,
            "ci_high": 1.0,
            "count": 9
          }
        },
        "expectation_management": {
          "all": {
            "mean": 1.0,
            "ci_low": 0.3423802275066531,
            "ci_high": 1.0,
            "count": 2
          },
          "lofo": {
            "mean": 1.0,
            "ci_low": 0.3423802275066531,
            "ci_high": 1.0,
            "count": 2
          }
        }
      }
    }
  }
}