{
  "stage": "F",
  "label": "expert_absolute_pro_mentor_manual",
  "kind": "expert",
  "systems": {
    "mentor_manual": {
      "generator_family": "mentor",
      "metrics": {
        "rag_fidelity": {
          "all": {
            "mean": 1.888888888888889,
            "ci_low": 1.788888888888889,
            "ci_high": 1.9777777777777779,
            "count": 15
          },
          "lofo": {
            "mean": 1.888888888888889,
            "ci_low": 1.788888888888889,
            "ci_high": 1.9777777777777779,
            "count": 15
          }
        },
        "citation_relevance": {
          "all": {
            "mean": 2.0,
            "ci_low": 2.0,
            "ci_high": 2.0,
            "count": 15
          },
          "lofo": {
            "mean": 2.0,
            "ci_low": 2.0,
            "ci_high": 2.0,
            "count": 15
          }
        },
        "source_fit": {
          "all": {
            "mean": 1.9555555555555557,
            "ci_low": 1.888888888888889,
            "ci_high": 2.0,
            "count": 15
          },
          "lofo": {
            "mean": 1.9555555555555557,
            "ci_low": 1.888888888888889,
            "ci_high": 2.0,
            "count": 15
          }
        },
        "citation_quality": {
          "all": {
            "mean": 1.9555555555555557,
            "ci_low": 1.888888888888889,
            "ci_high": 2.0,
            "count": 15
          },
          "lofo": {
            "mean": 1.9555555555555557,
            "ci_low": 1.888888888888889,
            "ci_high": 2.0,
            "count": 15
          }
        },
        "actionability": {
          "all": {
            "mean": 0.9555555555555556,
            "ci_low": 0.9222222222222224,
            "ci_high": 0.9844444444444445,
            "count": 15
          },
          "lofo": {
            "mean": 0.9555555555555556,
            "ci_low": 0.9222222222222224,
            "ci_high": 0.9844444444444445,
            "count": 15
          }
        },
        "persona_compliance": {
          "all": {
            "mean": 1.9777777777777779,
            "ci_low": 1.9333333333333336,
            "ci_high": 2.0,
            "count": 15
          },
          "lofo": {
            "mean": 1.9777777777777779,
            "ci_low": 1.9333333333333336,
            "ci_high": 2.0,
            "count": 15
          }
        },
        "stage_awareness": {
          "all": {
            "mean": 2.0,
            "ci_low": 2.0,
            "ci_high": 2.0,
            "count": 15
          },
          "lofo": {
            "mean": 2.0,
            "ci_low": 2.0,
            "ci_high": 2.0,
            "count": 15
          }
        },
        "tone_constructive": {
          "all": {
            "mean": 1.9777777777777779,
            "ci_low": 1.9333333333333336,
            "ci_high": 2.0,
            "count": 15
          },
          "lofo": {
            "mean": 1.9777777777777779,
            "ci_low": 1.9333333333333336,
            "ci_high": 2.0,
            "count": 15
          }
        },
        "plan_completeness": {
          "all": {
            "mean": 0.8888888888888888,
            "ci_low": 0.5650002944233439,
            "ci_high": 0.980109112361455,
            "count": 9
          },
          "lofo": {
            "mean": 0.8888888888888888,
            "ci_low": 0.5650002944233439,
            "ci_high": 0.980109112361455,
            "count": 9
          }
        },
        "timeline_quality": {
          "all": {
            "mean": 1.0,
            "ci_low": 0.4385029682449545,
            "ci_high": 1.0,
            "count": 3
          },
          "lofo": {
            "mean": 1.0,
            "ci_low": 0.4385029682449545,
            "ci_high": 1.0,
            "count": 3
          }
        },
        "risk_mitigation": {
          "all": {
            "mean": 1.0,
            "ci_low": 0.700854951580456,
            "ci_high": 1.0,
            "count": 9
          },
          "lofo": {
            "mean": 1.0,
            "ci_low": 0.700854951580456,
            "ci_high": 1.0,
            "count": 9
          }
        },
        "expectation_management": {
          "all": {
            "mean": 1.0,
            "ci_low": 0.3423802275066531,
            "ci_high": 1.0,
            "count": 2
          },
          "lofo": {
            "mean": 1.0,
            "ci_low": 0.3423802275066531,
            "ci_high": 1.0,
            "count": 2
          }
        }
      }
    }
  }
}