{
  "stage": "A",
  "label": "expert_absolute_pro_openrouter_openai_gpt_5",
  "kind": "expert",
  "systems": {
    "openrouter:openai/gpt-5": {
      "generator_family": "openai",
      "metrics": {
        "rag_fidelity": {
          "all": {
            "mean": 1.9666666666666666,
            "ci_low": 1.9,
            "ci_high": 2.0,
            "count": 15
          },
          "lofo": {
            "mean": 1.9666666666666666,
            "ci_low": 1.9,
            "ci_high": 2.0,
            "count": 15
          }
        },
        "citation_relevance": {
          "all": {
            "mean": 2.0,
            "ci_low": 2.0,
            "ci_high": 2.0,
            "count": 15
          },
          "lofo": {
            "mean": 2.0,
            "ci_low": 2.0,
            "ci_high": 2.0,
            "count": 15
          }
        },
        "source_fit": {
          "all": {
            "mean": 2.0,
            "ci_low": 2.0,
            "ci_high": 2.0,
            "count": 15
          },
          "lofo": {
            "mean": 2.0,
            "ci_low": 2.0,
            "ci_high": 2.0,
            "count": 15
          }
        },
        "citation_quality": {
          "all": {
            "mean": 1.9977777777777779,
            "ci_low": 1.9933333333333332,
            "ci_high": 2.0,
            "count": 15
          },
          "lofo": {
            "mean": 1.9977777777777779,
            "ci_low": 1.9933333333333332,
            "ci_high": 2.0,
            "count": 15
          }
        },
        "actionability": {
          "all": {
            "mean": 0.9755555555555555,
            "ci_low": 0.9600000000000001,
            "ci_high": 0.9911111111111112,
            "count": 15
          },
          "lofo": {
            "mean": 0.9755555555555555,
            "ci_low": 0.9600000000000001,
            "ci_high": 0.9911111111111112,
            "count": 15
          }
        },
        "persona_compliance": {
          "all": {
            "mean": 1.9777777777777779,
            "ci_low": 1.9333333333333336,
            "ci_high": 2.0,
            "count": 15
          },
          "lofo": {
            "mean": 1.9777777777777779,
            "ci_low": 1.9333333333333336,
            "ci_high": 2.0,
            "count": 15
          }
        },
        "stage_awareness": {
          "all": {
            "mean": 1.9555555555555557,
            "ci_low": 1.888888888888889,
            "ci_high": 2.0,
            "count": 15
          },
          "lofo": {
            "mean": 1.9555555555555557,
            "ci_low": 1.888888888888889,
            "ci_high": 2.0,
            "count": 15
          }
        },
        "tone_constructive": {
          "all": {
            "mean": 2.0,
            "ci_low": 2.0,
            "ci_high": 2.0,
            "count": 15
          },
          "lofo": {
            "mean": 2.0,
            "ci_low": 2.0,
            "ci_high": 2.0,
            "count": 15
          }
        },
        "resource_estimation": {
          "all": {
            "mean": 1.0,
            "ci_low": 0.4385029682449545,
            "ci_high": 1.0,
            "count": 3
          },
          "lofo": {
            "mean": 1.0,
            "ci_low": 0.4385029682449545,
            "ci_high": 1.0,
            "count": 3
          }
        },
        "timeline_guidance": {
          "all": {
            "mean": 1.0,
            "ci_low": 0.4385029682449545,
            "ci_high": 1.0,
            "count": 3
          },
          "lofo": {
            "mean": 1.0,
            "ci_low": 0.4385029682449545,
            "ci_high": 1.0,
            "count": 3
          }
        },
        "expectation_management": {
          "all": {
            "mean": 1.0,
            "ci_low": 0.5101091635454027,
            "ci_high": 1.0,
            "count": 4
          },
          "lofo": {
            "mean": 1.0,
            "ci_low": 0.5101091635454027,
            "ci_high": 1.0,
            "count": 4
          }
        },
        "risk_mitigation": {
          "all": {
            "mean": 1.0,
            "ci_low": 0.20654931437723742,
            "ci_high": 1.0,
            "count": 1
          },
          "lofo": {
            "mean": 1.0,
            "ci_low": 0.20654931437723742,
            "ci_high": 1.0,
            "count": 1
          }
        }
      }
    }
  }
}