{
  "stage": "C",
  "label": "student_outcome_judge_mentor_manual",
  "kind": "student",
  "systems": {
    "mentor_manual": {
      "generator_family": "mentor",
      "metrics": {
        "student_actionability": {
          "all": {
            "mean": 1.462222222222222,
            "ci_low": 1.3533333333333337,
            "ci_high": 1.5688888888888886,
            "count": 15
          },
          "lofo": {
            "mean": 1.462222222222222,
            "ci_low": 1.3533333333333337,
            "ci_high": 1.5688888888888886,
            "count": 15
          }
        },
        "student_clarity": {
          "all": {
            "mean": 1.5933333333333335,
            "ci_low": 1.5199444444444443,
            "ci_high": 1.6666666666666667,
            "count": 15
          },
          "lofo": {
            "mean": 1.5933333333333335,
            "ci_low": 1.5199444444444443,
            "ci_high": 1.6666666666666667,
            "count": 15
          }
        },
        "student_constraint_fit": {
          "all": {
            "mean": 1.202222222222222,
            "ci_low": 1.06,
            "ci_high": 1.3489444444444443,
            "count": 15
          },
          "lofo": {
            "mean": 1.202222222222222,
            "ci_low": 1.06,
            "ci_high": 1.3489444444444443,
            "count": 15
          }
        },
        "student_confidence_gain": {
          "all": {
            "mean": 1.366666666666667,
            "ci_low": 1.2488333333333332,
            "ci_high": 1.48,
            "count": 15
          },
          "lofo": {
            "mean": 1.366666666666667,
            "ci_low": 1.2488333333333332,
            "ci_high": 1.48,
            "count": 15
          }
        },
        "student_path_ready": {
          "all": {
            "mean": 0.8666666666666667,
            "ci_low": 0.6211801716767764,
            "ci_high": 0.9626387408969347,
            "count": 15
          },
          "lofo": {
            "mean": 0.8666666666666667,
            "ci_low": 0.6211801716767764,
            "ci_high": 0.9626387408969347,
            "count": 15
          }
        },
        "student_failure_modes": {
          "all": {
            "mean": 0.9333333333333333,
            "ci_low": 0.7018347012621998,
            "ci_high": 0.9881331045067316,
            "count": 15
          },
          "lofo": {
            "mean": 0.9333333333333333,
            "ci_low": 0.7018347012621998,
            "ci_high": 0.9881331045067316,
            "count": 15
          }
        }
      }
    }
  }
}