{
  "stage": "E",
  "label": "student_outcome_judge_openrouter_anthropic_claude_sonnet_4_5",
  "kind": "student",
  "systems": {
    "openrouter:anthropic/claude-sonnet-4.5": {
      "generator_family": "anthropic",
      "metrics": {
        "student_actionability": {
          "all": {
            "mean": 1.5333333333333334,
            "ci_low": 1.3777777777777778,
            "ci_high": 1.6822222222222218,
            "count": 15
          },
          "lofo": {
            "mean": 1.5333333333333334,
            "ci_low": 1.3777777777777778,
            "ci_high": 1.6822222222222218,
            "count": 15
          }
        },
        "student_clarity": {
          "all": {
            "mean": 1.7066666666666668,
            "ci_low": 1.6266666666666665,
            "ci_high": 1.7800555555555555,
            "count": 15
          },
          "lofo": {
            "mean": 1.7066666666666668,
            "ci_low": 1.6266666666666665,
            "ci_high": 1.7800555555555555,
            "count": 15
          }
        },
        "student_constraint_fit": {
          "all": {
            "mean": 1.1911111111111112,
            "ci_low": 1.028888888888889,
            "ci_high": 1.3399999999999999,
            "count": 15
          },
          "lofo": {
            "mean": 1.1911111111111112,
            "ci_low": 1.028888888888889,
            "ci_high": 1.3399999999999999,
            "count": 15
          }
        },
        "student_confidence_gain": {
          "all": {
            "mean": 1.6333333333333333,
            "ci_low": 1.5199999999999998,
            "ci_high": 1.7199999999999998,
            "count": 15
          },
          "lofo": {
            "mean": 1.6333333333333333,
            "ci_low": 1.5199999999999998,
            "ci_high": 1.7199999999999998,
            "count": 15
          }
        },
        "student_path_ready": {
          "all": {
            "mean": 0.8666666666666667,
            "ci_low": 0.6211801716767764,
            "ci_high": 0.9626387408969347,
            "count": 15
          },
          "lofo": {
            "mean": 0.8666666666666667,
            "ci_low": 0.6211801716767764,
            "ci_high": 0.9626387408969347,
            "count": 15
          }
        },
        "student_failure_modes": {
          "all": {
            "mean": 0.7333333333333333,
            "ci_low": 0.48049565944019434,
            "ci_high": 0.8910254667430763,
            "count": 15
          },
          "lofo": {
            "mean": 0.7333333333333333,
            "ci_low": 0.48049565944019434,
            "ci_high": 0.8910254667430763,
            "count": 15
          }
        }
      }
    }
  }
}