{
  "stage": "D",
  "label": "student_outcome_judge_openrouter_openai_gpt_5",
  "kind": "student",
  "systems": {
    "openrouter:openai/gpt-5": {
      "generator_family": "openai",
      "metrics": {
        "student_actionability": {
          "all": {
            "mean": 1.3999999999999997,
            "ci_low": 1.3133333333333332,
            "ci_high": 1.471111111111111,
            "count": 15
          },
          "lofo": {
            "mean": 1.3999999999999997,
            "ci_low": 1.3133333333333332,
            "ci_high": 1.471111111111111,
            "count": 15
          }
        },
        "student_clarity": {
          "all": {
            "mean": 1.6066666666666665,
            "ci_low": 1.5533333333333335,
            "ci_high": 1.6555555555555557,
            "count": 15
          },
          "lofo": {
            "mean": 1.6066666666666665,
            "ci_low": 1.5533333333333335,
            "ci_high": 1.6555555555555557,
            "count": 15
          }
        },
        "student_constraint_fit": {
          "all": {
            "mean": 1.1333333333333333,
            "ci_low": 1.0355555555555553,
            "ci_high": 1.2288888888888887,
            "count": 15
          },
          "lofo": {
            "mean": 1.1333333333333333,
            "ci_low": 1.0355555555555553,
            "ci_high": 1.2288888888888887,
            "count": 15
          }
        },
        "student_confidence_gain": {
          "all": {
            "mean": 1.4244444444444446,
            "ci_low": 1.3311111111111111,
            "ci_high": 1.5066666666666668,
            "count": 15
          },
          "lofo": {
            "mean": 1.4244444444444446,
            "ci_low": 1.3311111111111111,
            "ci_high": 1.5066666666666668,
            "count": 15
          }
        },
        "student_path_ready": {
          "all": {
            "mean": 0.8,
            "ci_low": 0.5481455128483065,
            "ci_high": 0.9295245065301844,
            "count": 15
          },
          "lofo": {
            "mean": 0.8,
            "ci_low": 0.5481455128483065,
            "ci_high": 0.9295245065301844,
            "count": 15
          }
        },
        "student_failure_modes": {
          "all": {
            "mean": 0.7333333333333333,
            "ci_low": 0.48049565944019434,
            "ci_high": 0.8910254667430763,
            "count": 15
          },
          "lofo": {
            "mean": 0.7333333333333333,
            "ci_low": 0.48049565944019434,
            "ci_high": 0.8910254667430763,
            "count": 15
          }
        }
      }
    }
  }
}