{
  "stage": "E",
  "label": "expert_absolute_pro_mentor_manual",
  "kind": "expert",
  "systems": {
    "mentor_manual": {
      "generator_family": "mentor",
      "metrics": {
        "rag_fidelity": {
          "all": {
            "mean": 1.8555555555555556,
            "ci_low": 1.6444444444444446,
            "ci_high": 2.0,
            "count": 15
          },
          "lofo": {
            "mean": 1.8555555555555556,
            "ci_low": 1.6444444444444446,
            "ci_high": 2.0,
            "count": 15
          }
        },
        "citation_relevance": {
          "all": {
            "mean": 1.911111111111111,
            "ci_low": 1.7333333333333334,
            "ci_high": 2.0,
            "count": 15
          },
          "lofo": {
            "mean": 1.911111111111111,
            "ci_low": 1.7333333333333334,
            "ci_high": 2.0,
            "count": 15
          }
        },
        "source_fit": {
          "all": {
            "mean": 1.8888888888888888,
            "ci_low": 1.7777777777777775,
            "ci_high": 2.0,
            "count": 15
          },
          "lofo": {
            "mean": 1.8888888888888888,
            "ci_low": 1.7777777777777775,
            "ci_high": 2.0,
            "count": 15
          }
        },
        "citation_quality": {
          "all": {
            "mean": 1.8000000000000003,
            "ci_low": 1.5111111111111113,
            "ci_high": 2.0,
            "count": 15
          },
          "lofo": {
            "mean": 1.8000000000000003,
            "ci_low": 1.5111111111111113,
            "ci_high": 2.0,
            "count": 15
          }
        },
        "actionability": {
          "all": {
            "mean": 0.9222222222222223,
            "ci_low": 0.7933333333333333,
            "ci_high": 0.9956111111111108,
            "count": 15
          },
          "lofo": {
            "mean": 0.9222222222222223,
            "ci_low": 0.7933333333333333,
            "ci_high": 0.9956111111111108,
            "count": 15
          }
        },
        "persona_compliance": {
          "all": {
            "mean": 1.7333333333333334,
            "ci_low": 1.422222222222222,
            "ci_high": 1.9777777777777779,
            "count": 15
          },
          "lofo": {
            "mean": 1.7333333333333334,
            "ci_low": 1.422222222222222,
            "ci_high": 1.9777777777777779,
            "count": 15
          }
        },
        "stage_awareness": {
          "all": {
            "mean": 1.9555555555555555,
            "ci_low": 1.8666666666666665,
            "ci_high": 2.0,
            "count": 15
          },
          "lofo": {
            "mean": 1.9555555555555555,
            "ci_low": 1.8666666666666665,
            "ci_high": 2.0,
            "count": 15
          }
        },
        "tone_constructive": {
          "all": {
            "mean": 1.888888888888889,
            "ci_low": 1.7333333333333336,
            "ci_high": 2.0,
            "count": 15
          },
          "lofo": {
            "mean": 1.888888888888889,
            "ci_low": 1.7333333333333336,
            "ci_high": 2.0,
            "count": 15
          }
        },
        "evidence_gap_detection": {
          "all": {
            "mean": 0.0,
            "ci_low": 0.0,
            "ci_high": 0.4898908364545973,
            "count": 4
          },
          "lofo": {
            "mean": 0.0,
            "ci_low": 0.0,
            "ci_high": 0.4898908364545973,
            "count": 4
          }
        },
        "risk_analysis": {
          "all": {
            "mean": 0.8,
            "ci_low": 0.37553462976252533,
            "ci_high": 0.9637758913675698,
            "count": 5
          },
          "lofo": {
            "mean": 0.8,
            "ci_low": 0.37553462976252533,
            "ci_high": 0.9637758913675698,
            "count": 5
          }
        },
        "expectation_management": {
          "all": {
            "mean": 1.0,
            "ci_low": 0.7575059933447591,
            "ci_high": 1.0,
            "count": 12
          },
          "lofo": {
            "mean": 1.0,
            "ci_low": 0.7575059933447591,
            "ci_high": 1.0,
            "count": 12
          }
        },
        "risk_mitigation": {
          "all": {
            "mean": 1.0,
            "ci_low": 0.6755924351161198,
            "ci_high": 1.0,
            "count": 8
          },
          "lofo": {
            "mean": 1.0,
            "ci_low": 0.6755924351161198,
            "ci_high": 1.0,
            "count": 8
          }
        },
        "experiment_design": {
          "all": {
            "mean": 1.0,
            "ci_low": 0.20654931437723742,
            "ci_high": 1.0,
            "count": 1
          },
          "lofo": {
            "mean": 1.0,
            "ci_low": 0.20654931437723742,
            "ci_high": 1.0,
            "count": 1
          }
        }
      }
    }
  }
}