{
  "stage": "C",
  "label": "student_outcome_judge_openrouter_anthropic_claude_sonnet_4_5",
  "kind": "student",
  "systems": {
    "openrouter:anthropic/claude-sonnet-4.5": {
      "generator_family": "anthropic",
      "metrics": {
        "student_actionability": {
          "all": {
            "mean": 1.0555555555555556,
            "ci_low": 0.9422222222222223,
            "ci_high": 1.1644444444444444,
            "count": 15
          },
          "lofo": {
            "mean": 1.0555555555555556,
            "ci_low": 0.9422222222222223,
            "ci_high": 1.1644444444444444,
            "count": 15
          }
        },
        "student_clarity": {
          "all": {
            "mean": 1.3555555555555554,
            "ci_low": 1.2888888888888888,
            "ci_high": 1.4244444444444444,
            "count": 15
          },
          "lofo": {
            "mean": 1.3555555555555554,
            "ci_low": 1.2888888888888888,
            "ci_high": 1.4244444444444444,
            "count": 15
          }
        },
        "student_constraint_fit": {
          "all": {
            "mean": 0.8733333333333332,
            "ci_low": 0.6822222222222222,
            "ci_high": 1.066722222222222,
            "count": 15
          },
          "lofo": {
            "mean": 0.8733333333333332,
            "ci_low": 0.6822222222222222,
            "ci_high": 1.066722222222222,
            "count": 15
          }
        },
        "student_confidence_gain": {
          "all": {
            "mean": 1.1444444444444446,
            "ci_low": 1.0243888888888888,
            "ci_high": 1.2666666666666664,
            "count": 15
          },
          "lofo": {
            "mean": 1.1444444444444446,
            "ci_low": 1.0243888888888888,
            "ci_high": 1.2666666666666664,
            "count": 15
          }
        },
        "student_path_ready": {
          "all": {
            "mean": 0.3333333333333333,
            "ci_low": 0.15176324439714728,
            "ci_high": 0.5828645226148023,
            "count": 15
          },
          "lofo": {
            "mean": 0.3333333333333333,
            "ci_low": 0.15176324439714728,
            "ci_high": 0.5828645226148023,
            "count": 15
          }
        },
        "student_failure_modes": {
          "all": {
            "mean": 0.4,
            "ci_low": 0.1982449614134158,
            "ci_high": 0.642531698793754,
            "count": 15
          },
          "lofo": {
            "mean": 0.4,
            "ci_low": 0.1982449614134158,
            "ci_high": 0.642531698793754,
            "count": 15
          }
        }
      }
    }
  }
}