{
  "stage_averages": {
    "mentor": {
      "B": {
        "avg": 1.583,
        "count": 15,
        "scores": [
          1.5833333333333333,
          1.5,
          1.5833333333333333,
          1.5833333333333333,
          1.5833333333333333,
          1.55,
          1.5833333333333333,
          1.5833333333333333,
          1.5833333333333333,
          1.6,
          1.6333333333333333,
          1.6166666666666665,
          1.5833333333333333,
          1.5833333333333333,
          1.6
        ]
      },
      "E": {
        "avg": 1.599,
        "count": 15,
        "scores": [
          1.6666666666666667,
          1.65,
          1.6166666666666665,
          1.6,
          1.5833333333333333,
          1.6666666666666667,
          1.5,
          1.6,
          1.5,
          1.6,
          1.6166666666666665,
          1.55,
          1.6333333333333333,
          1.6,
          1.6
        ]
      },
      "D": {
        "avg": 1.573,
        "count": 15,
        "scores": [
          1.5833333333333333,
          1.5,
          1.5,
          1.5833333333333333,
          1.5833333333333333,
          1.5833333333333333,
          1.6833333333333333,
          1.5833333333333333,
          1.5833333333333333,
          1.5833333333333333,
          1.5833333333333333,
          1.5833333333333333,
          1.5833333333333333,
          1.5833333333333333,
          1.5
        ]
      },
      "C": {
        "avg": 1.611,
        "count": 15,
        "scores": [
          1.5833333333333333,
          1.5833333333333333,
          1.5833333333333333,
          1.6666666666666667,
          1.6666666666666667,
          1.5833333333333333,
          1.5833333333333333,
          1.5833333333333333,
          1.5833333333333333,
          1.6666666666666667,
          1.6666666666666667,
          1.6666666666666667,
          1.5833333333333333,
          1.5833333333333333,
          1.5833333333333333
        ]
      },
      "F": {
        "avg": 1.651,
        "count": 15,
        "scores": [
          1.65,
          1.6666666666666667,
          1.6666666666666667,
          1.65,
          1.6666666666666667,
          1.6333333333333333,
          1.6833333333333333,
          1.6,
          1.65,
          1.65,
          1.6833333333333333,
          1.65,
          1.65,
          1.6166666666666665,
          1.65
        ]
      },
      "A": {
        "avg": 1.606,
        "count": 15,
        "scores": [
          1.65,
          1.6,
          1.6,
          1.5833333333333333,
          1.6,
          1.6,
          1.6333333333333333,
          1.6,
          1.6,
          1.5833333333333333,
          1.65,
          1.55,
          1.6166666666666665,
          1.6166666666666665,
          1.6
        ]
      },
      "overall": {
        "avg": 1.604,
        "count": 90
      }
    },
    "gpt5": {
      "B": {
        "avg": 1.622,
        "count": 15,
        "scores": [
          1.5833333333333333,
          1.5833333333333333,
          1.6666666666666667,
          1.5833333333333333,
          1.5833333333333333,
          1.5833333333333333,
          1.6666666666666667,
          1.6666666666666667,
          1.5,
          1.5833333333333333,
          1.6666666666666667,
          1.6666666666666667,
          1.5833333333333333,
          1.6666666666666667,
          1.75
        ]
      },
      "E": {
        "avg": 1.576,
        "count": 15,
        "scores": [
          1.5833333333333333,
          1.5833333333333333,
          1.5833333333333333,
          1.5925925925925923,
          1.5,
          1.5,
          1.5833333333333333,
          1.5833333333333333,
          1.5833333333333333,
          1.5833333333333333,
          1.6333333333333335,
          1.5833333333333333,
          1.5833333333333333,
          1.5833333333333333,
          1.5833333333333333
        ]
      },
      "D": {
        "avg": 1.541,
        "count": 15,
        "scores": [
          1.5925925925925923,
          1.6666666666666667,
          1.5833333333333333,
          1.5833333333333333,
          1.5833333333333333,
          1.55,
          1.5833333333333333,
          1.25,
          1.6666666666666667,
          1.55,
          1.1666666666666667,
          1.6666666666666667,
          1.5833333333333333,
          1.5,
          1.5833333333333333
        ]
      },
      "C": {
        "avg": 1.249,
        "count": 15,
        "scores": [
          0.0,
          1.5833333333333333,
          1.3333333333333333,
          1.5833333333333333,
          1.3814814814814813,
          1.5833333333333333,
          1.5833333333333333,
          1.3333333333333333,
          1.5833333333333333,
          0.0,
          1.4166666666666667,
          1.5833333333333333,
          1.0999999999999999,
          1.4166666666666667,
          1.25
        ]
      },
      "F": {
        "avg": 1.556,
        "count": 15,
        "scores": [
          1.6666666666666667,
          1.6666666666666667,
          1.6666666666666667,
          1.6666666666666667,
          1.4166666666666667,
          1.5,
          1.5833333333333333,
          1.1666666666666667,
          1.5833333333333333,
          1.5833333333333333,
          1.6666666666666667,
          1.5833333333333333,
          1.5,
          1.5,
          1.5833333333333333
        ]
      },
      "A": {
        "avg": 1.614,
        "count": 15,
        "scores": [
          1.6666666666666667,
          1.5833333333333333,
          1.5833333333333333,
          1.6666666666666667,
          1.6333333333333335,
          1.5833333333333333,
          1.5833333333333333,
          1.6666666666666667,
          1.5833333333333333,
          1.5833333333333333,
          1.5833333333333333,
          1.5833333333333333,
          1.6666666666666667,
          1.6666666666666667,
          1.5833333333333333
        ]
      },
      "overall": {
        "avg": 1.526,
        "count": 90
      }
    },
    "claude": {
      "B": {
        "avg": 1.544,
        "count": 15,
        "scores": [
          1.5833333333333333,
          1.5833333333333333,
          1.5,
          1.5,
          1.5833333333333333,
          1.5833333333333333,
          1.5,
          1.5833333333333333,
          1.5,
          1.5,
          1.5833333333333333,
          1.5833333333333333,
          1.4166666666666667,
          1.5833333333333333,
          1.5833333333333333
        ]
      },
      "E": {
        "avg": 1.463,
        "count": 15,
        "scores": [
          1.5833333333333333,
          1.5833333333333333,
          1.3333333333333333,
          1.5166666666666666,
          1.5833333333333333,
          1.5,
          1.4166666666666667,
          1.4166666666666667,
          1.25,
          1.5833333333333333,
          1.3333333333333333,
          1.1666666666666667,
          1.5166666666666666,
          1.5833333333333333,
          1.5833333333333333
        ]
      },
      "D": {
        "avg": 1.241,
        "count": 15,
        "scores": [
          1.3333333333333333,
          1.25,
          1.3333333333333333,
          1.0,
          1.1666666666666667,
          1.1666666666666667,
          1.0666666666666667,
          1.5,
          1.0,
          1.3333333333333333,
          1.5,
          1.3333333333333333,
          1.5,
          0.9666666666666667,
          1.1666666666666667
        ]
      },
      "C": {
        "avg": 1.532,
        "count": 15,
        "scores": [
          1.5666666666666667,
          1.5833333333333333,
          1.5,
          1.5833333333333333,
          1.5,
          1.5,
          1.5,
          1.5,
          1.5833333333333333,
          1.5,
          1.5,
          1.5,
          1.5833333333333333,
          1.5,
          1.5833333333333333
        ]
      },
      "F": {
        "avg": 1.45,
        "count": 15,