{
  "stage": "A",
  "label": "student_outcome_judge",
  "kind": "student",
  "systems": {
    "mentor_manual": {
      "generator_family": "mentor",
      "metrics": {
        "student_actionability": {
          "all": {
            "mean": 1.836666666666667,
            "ci_low": 1.7611111111111115,
            "ci_high": 1.9033333333333333,
            "count": 15
          },
          "lofo": {
            "mean": 1.836666666666667,
            "ci_low": 1.7611111111111115,
            "ci_high": 1.9033333333333333,
            "count": 15
          }
        },
        "student_clarity": {
          "all": {
            "mean": 1.8355555555555556,
            "ci_low": 1.7866666666666666,
            "ci_high": 1.8755555555555559,
            "count": 15
          },
          "lofo": {
            "mean": 1.8355555555555556,
            "ci_low": 1.7866666666666666,
            "ci_high": 1.8755555555555559,
            "count": 15
          }
        },
        "student_constraint_fit": {
          "all": {
            "mean": 1.6911111111111112,
            "ci_low": 1.5933333333333333,
            "ci_high": 1.773388888888889,
            "count": 15
          },
          "lofo": {
            "mean": 1.6911111111111112,
            "ci_low": 1.5933333333333333,
            "ci_high": 1.773388888888889,
            "count": 15
          }
        },
        "student_confidence_gain": {
          "all": {
            "mean": 1.7566666666666664,
            "ci_low": 1.6788611111111107,
            "ci_high": 1.8222499999999997,
            "count": 15
          },
          "lofo": {
            "mean": 1.7566666666666664,
            "ci_low": 1.6788611111111107,
            "ci_high": 1.8222499999999997,
            "count": 15
          }
        },
        "student_path_ready": {
          "all": {
            "mean": 1.0,
            "ci_low": 0.7961166989641514,
            "ci_high": 1.0,
            "count": 15
          },
          "lofo": {
            "mean": 1.0,
            "ci_low": 0.7961166989641514,
            "ci_high": 1.0,
            "count": 15
          }
        },
        "student_failure_modes": {
          "all": {
            "mean": 1.0,
            "ci_low": 0.7961166989641514,
            "ci_high": 1.0,
            "count": 15
          },
          "lofo": {
            "mean": 1.0,
            "ci_low": 0.7961166989641514,
            "ci_high": 1.0,
            "count": 15
          }
        }
      }
    }
  }
}