{
  "stage": "F",
  "label": "student_outcome_judge_openrouter_openai_gpt_5",
  "kind": "student",
  "systems": {
    "openrouter:openai/gpt-5": {
      "generator_family": "openai",
      "metrics": {
        "student_actionability": {
          "all": {
            "mean": 1.5822222222222222,
            "ci_low": 1.5154999999999998,
            "ci_high": 1.6577777777777776,
            "count": 15
          },
          "lofo": {
            "mean": 1.5822222222222222,
            "ci_low": 1.5154999999999998,
            "ci_high": 1.6577777777777776,
            "count": 15
          }
        },
        "student_clarity": {
          "all": {
            "mean": 1.7066666666666668,
            "ci_low": 1.6511111111111112,
            "ci_high": 1.7622222222222226,
            "count": 15
          },
          "lofo": {
            "mean": 1.7066666666666668,
            "ci_low": 1.6511111111111112,
            "ci_high": 1.7622222222222226,
            "count": 15
          }
        },
        "student_constraint_fit": {
          "all": {
            "mean": 1.3666666666666667,
            "ci_low": 1.3022222222222224,
            "ci_high": 1.4288888888888889,
            "count": 15
          },
          "lofo": {
            "mean": 1.3666666666666667,
            "ci_low": 1.3022222222222224,
            "ci_high": 1.4288888888888889,
            "count": 15
          }
        },
        "student_confidence_gain": {
          "all": {
            "mean": 1.6133333333333335,
            "ci_low": 1.5600000000000003,
            "ci_high": 1.6644444444444446,
            "count": 15
          },
          "lofo": {
            "mean": 1.6133333333333335,
            "ci_low": 1.5600000000000003,
            "ci_high": 1.6644444444444446,
            "count": 15
          }
        },
        "student_path_ready": {
          "all": {
            "mean": 1.0,
            "ci_low": 0.7961166989641514,
            "ci_high": 1.0,
            "count": 15
          },
          "lofo": {
            "mean": 1.0,
            "ci_low": 0.7961166989641514,
            "ci_high": 1.0,
            "count": 15
          }
        },
        "student_failure_modes": {
          "all": {
            "mean": 1.0,
            "ci_low": 0.7961166989641514,
            "ci_high": 1.0,
            "count": 15
          },
          "lofo": {
            "mean": 1.0,
            "ci_low": 0.7961166989641514,
            "ci_high": 1.0,
            "count": 15
          }
        }
      }
    }
  }
}