{
  "stage": "E",
  "label": "expert_absolute_pro_openrouter_openai_gpt_5",
  "kind": "expert",
  "systems": {
    "openrouter:openai/gpt-5": {
      "generator_family": "openai",
      "metrics": {
        "rag_fidelity": {
          "all": {
            "mean": 1.7722222222222224,
            "ci_low": 1.5333333333333337,
            "ci_high": 1.9611111111111112,
            "count": 15
          },
          "lofo": {
            "mean": 1.7722222222222224,
            "ci_low": 1.5333333333333337,
            "ci_high": 1.9611111111111112,
            "count": 15
          }
        },
        "citation_relevance": {
          "all": {
            "mean": 1.8888888888888888,
            "ci_low": 1.7777777777777775,
            "ci_high": 2.0,
            "count": 15
          },
          "lofo": {
            "mean": 1.8888888888888888,
            "ci_low": 1.7777777777777775,
            "ci_high": 2.0,
            "count": 15
          }
        },
        "source_fit": {
          "all": {
            "mean": 1.9,
            "ci_low": 1.788888888888889,
            "ci_high": 1.9777777777777779,
            "count": 15
          },
          "lofo": {
            "mean": 1.9,
            "ci_low": 1.788888888888889,
            "ci_high": 1.9777777777777779,
            "count": 15
          }
        },
        "citation_quality": {
          "all": {
            "mean": 1.7333333333333334,
            "ci_low": 1.3333333333333333,
            "ci_high": 2.0,
            "count": 15
          },
          "lofo": {
            "mean": 1.7333333333333334,
            "ci_low": 1.3333333333333333,
            "ci_high": 2.0,
            "count": 15
          }
        },
        "actionability": {
          "all": {
            "mean": 0.9444444444444445,
            "ci_low": 0.8844444444444444,
            "ci_high": 0.9911111111111112,
            "count": 15
          },
          "lofo": {
            "mean": 0.9444444444444445,
            "ci_low": 0.8844444444444444,
            "ci_high": 0.9911111111111112,
            "count": 15
          }
        },
        "persona_compliance": {
          "all": {
            "mean": 1.4444444444444444,
            "ci_low": 1.1777777777777776,
            "ci_high": 1.711111111111111,
            "count": 15
          },
          "lofo": {
            "mean": 1.4444444444444444,
            "ci_low": 1.1777777777777776,
            "ci_high": 1.711111111111111,
            "count": 15
          }
        },
        "stage_awareness": {
          "all": {
            "mean": 2.0,
            "ci_low": 2.0,
            "ci_high": 2.0,
            "count": 15
          },
          "lofo": {
            "mean": 2.0,
            "ci_low": 2.0,
            "ci_high": 2.0,
            "count": 15
          }
        },
        "tone_constructive": {
          "all": {
            "mean": 1.8888888888888893,
            "ci_low": 1.8000000000000005,
            "ci_high": 1.9555555555555557,
            "count": 15
          },
          "lofo": {
            "mean": 1.8888888888888893,
            "ci_low": 1.8000000000000005,
            "ci_high": 1.9555555555555557,
            "count": 15
          }
        },
        "evidence_gap_detection": {
          "all": {
            "mean": 0.0,
            "ci_low": 0.0,
            "ci_high": 0.4898908364545973,
            "count": 4
          },
          "lofo": {
            "mean": 0.0,
            "ci_low": 0.0,
            "ci_high": 0.4898908364545973,
            "count": 4
          }
        },
        "risk_analysis": {
          "all": {
            "mean": 1.0,
            "ci_low": 0.5655175352168252,
            "ci_high": 1.0,
            "count": 5
          },
          "lofo": {
            "mean": 1.0,
            "ci_low": 0.5655175352168252,
            "ci_high": 1.0,
            "count": 5
          }
        },
        "expectation_management": {
          "all": {
            "mean": 1.0,
            "ci_low": 0.7575059933447591,
            "ci_high": 1.0,
            "count": 12
          },
          "lofo": {
            "mean": 1.0,
            "ci_low": 0.7575059933447591,
            "ci_high": 1.0,
            "count": 12
          }
        },
        "risk_mitigation": {
          "all": {
            "mean": 1.0,
            "ci_low": 0.6755924351161198,
            "ci_high": 1.0,
            "count": 8
          },
          "lofo": {
            "mean": 1.0,
            "ci_low": 0.6755924351161198,
            "ci_high": 1.0,
            "count": 8
          }
        },
        "experiment_design": {
          "all": {
            "mean": 1.0,
            "ci_low": 0.20654931437723742,
            "ci_high": 1.0,
            "count": 1
          },
          "lofo": {
            "mean": 1.0,
            "ci_low": 0.20654931437723742,
            "ci_high": 1.0,
            "count": 1
          }
        }
      }
    }
  }
}