{
  "stage": "A",
  "label": "expert_absolute_pro_mentor_manual",
  "kind": "expert",
  "systems": {
    "mentor_manual": {
      "generator_family": "mentor",
      "metrics": {
        "rag_fidelity": {
          "all": {
            "mean": 1.4333333333333336,
            "ci_low": 1.011111111111111,
            "ci_high": 1.8111111111111111,
            "count": 15
          },
          "lofo": {
            "mean": 1.4333333333333336,
            "ci_low": 1.011111111111111,
            "ci_high": 1.8111111111111111,
            "count": 15
          }
        },
        "citation_relevance": {
          "all": {
            "mean": 1.8177777777777777,
            "ci_low": 1.5999999999999999,
            "ci_high": 1.991111111111111,
            "count": 15
          },
          "lofo": {
            "mean": 1.8177777777777777,
            "ci_low": 1.5999999999999999,
            "ci_high": 1.991111111111111,
            "count": 15
          }
        },
        "source_fit": {
          "all": {
            "mean": 1.8133333333333335,
            "ci_low": 1.6711111111111108,
            "ci_high": 1.9466666666666668,
            "count": 15
          },
          "lofo": {
            "mean": 1.8133333333333335,
            "ci_low": 1.6711111111111108,
            "ci_high": 1.9466666666666668,
            "count": 15
          }
        },
        "citation_quality": {
          "all": {
            "mean": 1.8199999999999998,
            "ci_low": 1.6866666666666668,
            "ci_high": 1.9311111111111112,
            "count": 15
          },
          "lofo": {
            "mean": 1.8199999999999998,
            "ci_low": 1.6866666666666668,
            "ci_high": 1.9311111111111112,
            "count": 15
          }
        },
        "actionability": {
          "all": {
            "mean": 0.9866666666666667,
            "ci_low": 0.9755555555555555,
            "ci_high": 0.9977777777777778,
            "count": 15
          },
          "lofo": {
            "mean": 0.9866666666666667,
            "ci_low": 0.9755555555555555,
            "ci_high": 0.9977777777777778,
            "count": 15
          }
        },
        "persona_compliance": {
          "all": {
            "mean": 2.0,
            "ci_low": 2.0,
            "ci_high": 2.0,
            "count": 15
          },
          "lofo": {
            "mean": 2.0,
            "ci_low": 2.0,
            "ci_high": 2.0,
            "count": 15
          }
        },
        "stage_awareness": {
          "all": {
            "mean": 1.9777777777777779,
            "ci_low": 1.9333333333333336,
            "ci_high": 2.0,
            "count": 15
          },
          "lofo": {
            "mean": 1.9777777777777779,
            "ci_low": 1.9333333333333336,
            "ci_high": 2.0,
            "count": 15
          }
        },
        "tone_constructive": {
          "all": {
            "mean": 2.0,
            "ci_low": 2.0,
            "ci_high": 2.0,
            "count": 15
          },
          "lofo": {
            "mean": 2.0,
            "ci_low": 2.0,
            "ci_high": 2.0,
            "count": 15
          }
        },
        "resource_estimation": {
          "all": {
            "mean": 0.3333333333333333,
            "ci_low": 0.061491944720396215,
            "ci_high": 0.7923403991979523,
            "count": 3
          },
          "lofo": {
            "mean": 0.3333333333333333,
            "ci_low": 0.061491944720396215,
            "ci_high": 0.7923403991979523,
            "count": 3
          }
        },
        "timeline_guidance": {
          "all": {
            "mean": 0.6666666666666666,
            "ci_low": 0.20765960080204768,
            "ci_high": 0.9385080552796037,
            "count": 3
          },
          "lofo": {
            "mean": 0.6666666666666666,
            "ci_low": 0.20765960080204768,
            "ci_high": 0.9385080552796037,
            "count": 3
          }
        },
        "expectation_management": {
          "all": {
            "mean": 1.0,
            "ci_low": 0.5101091635454027,
            "ci_high": 1.0,
            "count": 4
          },
          "lofo": {
            "mean": 1.0,
            "ci_low": 0.5101091635454027,
            "ci_high": 1.0,
            "count": 4
          }
        },
        "risk_mitigation": {
          "all": {
            "mean": 1.0,
            "ci_low": 0.20654931437723742,
            "ci_high": 1.0,
            "count": 1
          },
          "lofo": {
            "mean": 1.0,
            "ci_low": 0.20654931437723742,
            "ci_high": 1.0,
            "count": 1
          }
        }
      }
    }
  }
}