{
  "experiment": "90-Prompt Ablation Study",
  "baseline": {
    "source": "single_turn_holistic_results.json",
    "system": "Full MENTOR",
    "n_prompts": 90,
    "holistic_score": 1.604
  },
  "ablations": {
    "no_stage": {
      "baseline_mean": 1.604,
      "ablated_mean": 1.3946296296296299,
      "delta": -0.2093703703703702,
      "delta_pct": -13.053015609125323,
      "n_scored": 90
    },
    "no_guidelines": {
      "baseline_mean": 1.604,
      "ablated_mean": 1.5305555555555554,
      "delta": -0.07344444444444465,
      "delta_pct": -4.578830701025227,
      "n_scored": 90
    }
  },
  "timestamp": "2026-01-27T17:09:37.356990"
}