{
  "stage": "D",
  "label": "expert_absolute_pro_mentor_manual",
  "kind": "expert",
  "systems": {
    "mentor_manual": {
      "generator_family": "mentor",
      "metrics": {
        "rag_fidelity": {
          "all": {
            "mean": 1.8611111111111114,
            "ci_low": 1.666666666666667,
            "ci_high": 1.9944444444444445,
            "count": 15
          },
          "lofo": {
            "mean": 1.8611111111111114,
            "ci_low": 1.666666666666667,
            "ci_high": 1.9944444444444445,
            "count": 15
          }
        },
        "citation_relevance": {
          "all": {
            "mean": 1.5777777777777777,
            "ci_low": 1.2888888888888892,
            "ci_high": 1.8222222222222222,
            "count": 15
          },
          "lofo": {
            "mean": 1.5777777777777777,
            "ci_low": 1.2888888888888892,
            "ci_high": 1.8222222222222222,
            "count": 15
          }
        },
        "source_fit": {
          "all": {
            "mean": 1.7777777777777781,
            "ci_low": 1.5555555555555558,
            "ci_high": 1.9555555555555557,
            "count": 15
          },
          "lofo": {
            "mean": 1.7777777777777781,
            "ci_low": 1.5555555555555558,
            "ci_high": 1.9555555555555557,
            "count": 15
          }
        },
        "citation_quality": {
          "all": {
            "mean": 1.8444444444444446,
            "ci_low": 1.666666666666667,
            "ci_high": 1.9777777777777779,
            "count": 15
          },
          "lofo": {
            "mean": 1.8444444444444446,
            "ci_low": 1.666666666666667,
            "ci_high": 1.9777777777777779,
            "count": 15
          }
        },
        "actionability": {
          "all": {
            "mean": 0.9666666666666667,
            "ci_low": 0.9422222222222222,
            "ci_high": 0.9888888888888889,
            "count": 15
          },
          "lofo": {
            "mean": 0.9666666666666667,
            "ci_low": 0.9422222222222222,
            "ci_high": 0.9888888888888889,
            "count": 15
          }
        },
        "persona_compliance": {
          "all": {
            "mean": 1.888888888888889,
            "ci_low": 1.8000000000000005,
            "ci_high": 1.9555555555555557,
            "count": 15
          },
          "lofo": {
            "mean": 1.888888888888889,
            "ci_low": 1.8000000000000005,
            "ci_high": 1.9555555555555557,
            "count": 15
          }
        },
        "stage_awareness": {
          "all": {
            "mean": 2.0,
            "ci_low": 2.0,
            "ci_high": 2.0,
            "count": 15
          },
          "lofo": {
            "mean": 2.0,
            "ci_low": 2.0,
            "ci_high": 2.0,
            "count": 15
          }
        },
        "tone_constructive": {
          "all": {
            "mean": 1.9777777777777779,
            "ci_low": 1.9333333333333336,
            "ci_high": 2.0,
            "count": 15
          },
          "lofo": {
            "mean": 1.9777777777777779,
            "ci_low": 1.9333333333333336,
            "ci_high": 2.0,
            "count": 15
          }
        },
        "evidence_gap_detection": {
          "all": {
            "mean": 0.0,
            "ci_low": 0.0,
            "ci_high": 0.6576197724933469,
            "count": 2
          },
          "lofo": {
            "mean": 0.0,
            "ci_low": 0.0,
            "ci_high": 0.6576197724933469,
            "count": 2
          }
        },
        "risk_analysis": {
          "all": {
            "mean": 0.6153846153846154,
            "ci_low": 0.3552289151266569,
            "ci_high": 0.8229029220223743,
            "count": 13
          },
          "lofo": {
            "mean": 0.6153846153846154,
            "ci_low": 0.3552289151266569,
            "ci_high": 0.8229029220223743,
            "count": 13
          }
        },
        "experiment_design": {
          "all": {
            "mean": 1.0,
            "ci_low": 0.7719046276458015,
            "ci_high": 1.0,
            "count": 13
          },
          "lofo": {
            "mean": 1.0,
            "ci_low": 0.7719046276458015,
            "ci_high": 1.0,
            "count": 13
          }
        },
        "resource_estimation": {
          "all": {
            "mean": 1.0,
            "ci_low": 0.20654931437723742,
            "ci_high": 1.0,
            "count": 1
          },
          "lofo": {
            "mean": 1.0,
            "ci_low": 0.20654931437723742,
            "ci_high": 1.0,
            "count": 1
          }
        }
      }
    }
  }
}