{
  "stage": "B",
  "label": "expert_absolute_pro_openrouter_anthropic_claude_sonnet_4_5",
  "kind": "expert",
  "systems": {
    "openrouter:anthropic/claude-sonnet-4.5": {
      "generator_family": "anthropic",
      "metrics": {
        "rag_fidelity": {
          "all": {
            "mean": 1.9,
            "ci_low": 1.7555555555555555,
            "ci_high": 2.0,
            "count": 15
          },
          "lofo": {
            "mean": 1.9,
            "ci_low": 1.7555555555555555,
            "ci_high": 2.0,
            "count": 15
          }
        },
        "citation_relevance": {
          "all": {
            "mean": 1.948888888888889,
            "ci_low": 1.8844444444444446,
            "ci_high": 1.9955555555555555,
            "count": 15
          },
          "lofo": {
            "mean": 1.948888888888889,
            "ci_low": 1.8844444444444446,
            "ci_high": 1.9955555555555555,
            "count": 15
          }
        },
        "source_fit": {
          "all": {
            "mean": 1.9777777777777779,
            "ci_low": 1.9333333333333336,
            "ci_high": 2.0,
            "count": 15
          },
          "lofo": {
            "mean": 1.9777777777777779,
            "ci_low": 1.9333333333333336,
            "ci_high": 2.0,
            "count": 15
          }
        },
        "citation_quality": {
          "all": {
            "mean": 1.9533333333333334,
            "ci_low": 1.886666666666667,
            "ci_high": 2.0,
            "count": 15
          },
          "lofo": {
            "mean": 1.9533333333333334,
            "ci_low": 1.886666666666667,
            "ci_high": 2.0,
            "count": 15
          }
        },
        "actionability": {
          "all": {
            "mean": 0.7155555555555556,
            "ci_low": 0.6355555555555555,
            "ci_high": 0.7955555555555556,
            "count": 15
          },
          "lofo": {
            "mean": 0.7155555555555556,
            "ci_low": 0.6355555555555555,
            "ci_high": 0.7955555555555556,
            "count": 15
          }
        },
        "persona_compliance": {
          "all": {
            "mean": 1.84,
            "ci_low": 1.6311111111111114,
            "ci_high": 1.9777777777777779,
            "count": 15
          },
          "lofo": {
            "mean": 1.84,
            "ci_low": 1.6311111111111114,
            "ci_high": 1.9777777777777779,
            "count": 15
          }
        },
        "stage_awareness": {
          "all": {
            "mean": 1.8222222222222222,
            "ci_low": 1.6444444444444444,
            "ci_high": 1.9555555555555555,
            "count": 15
          },
          "lofo": {
            "mean": 1.8222222222222222,
            "ci_low": 1.6444444444444444,
            "ci_high": 1.9555555555555555,
            "count": 15
          }
        },
        "tone_constructive": {
          "all": {
            "mean": 1.7955555555555558,
            "ci_low": 1.6311111111111112,
            "ci_high": 1.9111111111111114,
            "count": 15
          },
          "lofo": {
            "mean": 1.7955555555555558,
            "ci_low": 1.6311111111111112,
            "ci_high": 1.9111111111111114,
            "count": 15
          }
        },
        "scope_feasibility": {
          "all": {
            "mean": 1.0,
            "ci_low": 0.20654931437723742,
            "ci_high": 1.0,
            "count": 1
          },
          "lofo": {
            "mean": 1.0,
            "ci_low": 0.20654931437723742,
            "ci_high": 1.0,
            "count": 1
          }
        },
        "novelty_assessment": {
          "all": {
            "mean": 0.9285714285714286,
            "ci_low": 0.6853129557584889,
            "ci_high": 0.9872777847521091,
            "count": 14
          },
          "lofo": {
            "mean": 0.9285714285714286,
            "ci_low": 0.6853129557584889,
            "ci_high": 0.9872777847521091,
            "count": 14
          }
        },
        "expectation_management": {
          "all": {
            "mean": 1.0,
            "ci_low": 0.5655175352168252,
            "ci_high": 1.0,
            "count": 5
          },
          "lofo": {
            "mean": 1.0,
            "ci_low": 0.5655175352168252,
            "ci_high": 1.0,
            "count": 5
          }
        },
        "feasibility_analysis": {
          "all": {
            "mean": 0.5,
            "ci_low": 0.1876163064826505,
            "ci_high": 0.8123836935173495,
            "count": 6
          },
          "lofo": {
            "mean": 0.5,
            "ci_low": 0.1876163064826505,
            "ci_high": 0.8123836935173495,
            "count": 6
          }
        },
        "risk_analysis": {
          "all": {
            "mean": 0.8571428571428571,
            "ci_low": 0.48687217072568106,
            "ci_high": 0.9743203756552565,
            "count": 7
          },
          "lofo": {
            "mean": 0.8571428571428571,
            "ci_low": 0.48687217072568106,
            "ci_high": 0.9743203756552565,
            "count": 7
          }
        },
        "hypothesis_generation": {
          "all": {
            "mean": 0.6666666666666666,
            "ci_low": 0.299993315138392,
            "ci_high": 0.9032285888942195,
            "count": 6
          },
          "lofo": {
            "mean": 0.6666666666666666,
            "ci_low": 0.299993315138392,
            "ci_high": 0.9032285888942195,
            "count": 6
          }
        },
        "domain_mapping": {
          "all": {
            "mean": 1.0,
            "ci_low": 0.20654931437723742,
            "ci_high": 1.0,
            "count": 1
          },
          "lofo": {
            "mean": 1.0,
            "ci_low": 0.20654931437723742,
            "ci_high": 1.0,
            "count": 1
          }
        },
        "experiment_design": {
          "all": {
            "mean": 1.0,
            "ci_low": 0.20654931437723742,
            "ci_high": 1.0,
            "count": 1
          },
          "lofo": {
            "mean": 1.0,
            "ci_low": 0.20654931437723742,
            "ci_high": 1.0,
            "count": 1
          }
        },
        "distractor_rejection": {
          "all": {
            "mean": 1.0,
            "ci_low": 0.3423802275066531,
            "ci_high": 1.0,
            "count": 2
          },
          "lofo": {
            "mean": 1.0,
            "ci_low": 0.3423802275066531,
            "ci_high": 1.0,
            "count": 2
          }
        },
        "evidence_gap_detection": {
          "all": {
            "mean": 0.0,
            "ci_low": 0.0,
            "ci_high": 0.7934506856227626,
            "count": 1
          },
          "lofo": {
            "mean": 0.0,
            "ci_low": 0.0,
            "ci_high": 0.7934506856227626,
            "count": 1
          }
        },
        "skills_gap_guidance": {
          "all": {
            "mean": 1.0,
            "ci_low": 0.20654931437723742,
            "ci_high": 1.0,
            "count": 1
          },
          "lofo": {
            "mean": 1.0,
            "ci_low": 0.20654931437723742,
            "ci_high": 1.0,
            "count": 1
          }
        }
      }
    }
  }
}