{
  "stage": "C",
  "label": "expert_absolute_pro_openrouter_anthropic_claude_sonnet_4_5",
  "kind": "expert",
  "systems": {
    "openrouter:anthropic/claude-sonnet-4.5": {
      "generator_family": "anthropic",
      "metrics": {
        "rag_fidelity": {
          "all": {
            "mean": 1.6777777777777776,
            "ci_low": 1.411111111111111,
            "ci_high": 1.8888888888888888,
            "count": 15
          },
          "lofo": {
            "mean": 1.6777777777777776,
            "ci_low": 1.411111111111111,
            "ci_high": 1.8888888888888888,
            "count": 15
          }
        },
        "citation_relevance": {
          "all": {
            "mean": 1.731111111111111,
            "ci_low": 1.3999444444444442,
            "ci_high": 1.9933888888888889,
            "count": 15
          },
          "lofo": {
            "mean": 1.731111111111111,
            "ci_low": 1.3999444444444442,
            "ci_high": 1.9933888888888889,
            "count": 15
          }
        },
        "source_fit": {
          "all": {
            "mean": 1.84,
            "ci_low": 1.711,
            "ci_high": 1.9511111111111112,
            "count": 15
          },
          "lofo": {
            "mean": 1.84,
            "ci_low": 1.711,
            "ci_high": 1.9511111111111112,
            "count": 15
          }
        },
        "citation_quality": {
          "all": {
            "mean": 1.533333333333333,
            "ci_low": 1.1777777777777776,
            "ci_high": 1.822777777777775,
            "count": 15
          },
          "lofo": {
            "mean": 1.533333333333333,
            "ci_low": 1.1777777777777776,
            "ci_high": 1.822777777777775,
            "count": 15
          }
        },
        "actionability": {
          "all": {
            "mean": 0.7933333333333334,
            "ci_low": 0.7644444444444446,
            "ci_high": 0.8222777777777778,
            "count": 15
          },
          "lofo": {
            "mean": 0.7933333333333334,
            "ci_low": 0.7644444444444446,
            "ci_high": 0.8222777777777778,
            "count": 15
          }
        },
        "persona_compliance": {
          "all": {
            "mean": 1.7555555555555558,
            "ci_low": 1.5111111111111113,
            "ci_high": 1.9333333333333333,
            "count": 15
          },
          "lofo": {
            "mean": 1.7555555555555558,
            "ci_low": 1.5111111111111113,
            "ci_high": 1.9333333333333333,
            "count": 15
          }
        },
        "stage_awareness": {
          "all": {
            "mean": 1.8666666666666665,
            "ci_low": 1.7333333333333332,
            "ci_high": 2.0,
            "count": 15
          },
          "lofo": {
            "mean": 1.8666666666666665,
            "ci_low": 1.7333333333333332,
            "ci_high": 2.0,
            "count": 15
          }
        },
        "tone_constructive": {
          "all": {
            "mean": 1.866666666666667,
            "ci_low": 1.7777777777777783,
            "ci_high": 1.9555555555555557,
            "count": 15
          },
          "lofo": {
            "mean": 1.866666666666667,
            "ci_low": 1.7777777777777783,
            "ci_high": 1.9555555555555557,
            "count": 15
          }
        },
        "plan_completeness": {
          "all": {
            "mean": 1.0,
            "ci_low": 0.7961166989641514,
            "ci_high": 1.0,
            "count": 15
          },
          "lofo": {
            "mean": 1.0,
            "ci_low": 0.7961166989641514,
            "ci_high": 1.0,
            "count": 15
          }
        },
        "risk_mitigation": {
          "all": {
            "mean": 1.0,
            "ci_low": 0.7575059933447591,
            "ci_high": 1.0,
            "count": 12
          },
          "lofo": {
            "mean": 1.0,
            "ci_low": 0.7575059933447591,
            "ci_high": 1.0,
            "count": 12
          }
        },
        "timeline_quality": {
          "all": {
            "mean": 0.6666666666666666,
            "ci_low": 0.35420213558039626,
            "ci_high": 0.8794161816130891,
            "count": 9
          },
          "lofo": {
            "mean": 0.6666666666666666,
            "ci_low": 0.35420213558039626,
            "ci_high": 0.8794161816130891,
            "count": 9
          }
        },
        "resource_estimation": {
          "all": {
            "mean": 0.9090909090909091,
            "ci_low": 0.6226415635484044,
            "ci_high": 0.9837678271141151,
            "count": 11
          },
          "lofo": {
            "mean": 0.9090909090909091,
            "ci_low": 0.6226415635484044,
            "ci_high": 0.9837678271141151,
            "count": 11
          }
        },
        "expectation_management": {
          "all": {
            "mean": 1.0,
            "ci_low": 0.20654931437723742,
            "ci_high": 1.0,
            "count": 1
          },
          "lofo": {
            "mean": 1.0,
            "ci_low": 0.20654931437723742,
            "ci_high": 1.0,
            "count": 1
          }
        },
        "feasibility_analysis": {
          "all": {
            "mean": 1.0,
            "ci_low": 0.3423802275066531,
            "ci_high": 1.0,
            "count": 2
          },
          "lofo": {
            "mean": 1.0,
            "ci_low": 0.3423802275066531,
            "ci_high": 1.0,
            "count": 2
          }
        },
        "experiment_design": {
          "all": {
            "mean": 1.0,
            "ci_low": 0.5101091635454027,
            "ci_high": 1.0,
            "count": 4
          },
          "lofo": {
            "mean": 1.0,
            "ci_low": 0.5101091635454027,
            "ci_high": 1.0,
            "count": 4
          }
        },
        "skills_gap_guidance": {
          "all": {
            "mean": 1.0,
            "ci_low": 0.20654931437723742,
            "ci_high": 1.0,
            "count": 1
          },
          "lofo": {
            "mean": 1.0,
            "ci_low": 0.20654931437723742,
            "ci_high": 1.0,
            "count": 1
          }
        }
      }
    }
  }
}