{
  "stage": "D",
  "label": "student_outcome_judge_openrouter_anthropic_claude_sonnet_4_5",
  "kind": "student",
  "systems": {
    "openrouter:anthropic/claude-sonnet-4.5": {
      "generator_family": "anthropic",
      "metrics": {
        "student_actionability": {
          "all": {
            "mean": 1.1261904761904762,
            "ci_low": 1.0166666666666668,
            "ci_high": 1.2428571428571424,
            "count": 14
          },
          "lofo": {
            "mean": 1.1261904761904762,
            "ci_low": 1.0166666666666668,
            "ci_high": 1.2428571428571424,
            "count": 14
          }
        },
        "student_clarity": {
          "all": {
            "mean": 1.3333333333333335,
            "ci_low": 1.2357142857142858,
            "ci_high": 1.4214880952380948,
            "count": 14
          },
          "lofo": {
            "mean": 1.3333333333333335,
            "ci_low": 1.2357142857142858,
            "ci_high": 1.4214880952380948,
            "count": 14
          }
        },
        "student_constraint_fit": {
          "all": {
            "mean": 0.7928571428571428,
            "ci_low": 0.6738095238095239,
            "ci_high": 0.911904761904762,
            "count": 14
          },
          "lofo": {
            "mean": 0.7928571428571428,
            "ci_low": 0.6738095238095239,
            "ci_high": 0.911904761904762,
            "count": 14
          }
        },
        "student_confidence_gain": {
          "all": {
            "mean": 0.9619047619047618,
            "ci_low": 0.8451785714285714,
            "ci_high": 1.0809523809523809,
            "count": 14
          },
          "lofo": {
            "mean": 0.9619047619047618,
            "ci_low": 0.8451785714285714,
            "ci_high": 1.0809523809523809,
            "count": 14
          }
        },
        "student_path_ready": {
          "all": {
            "mean": 0.14285714285714285,
            "ci_low": 0.04009392127146496,
            "ci_high": 0.3994137949697036,
            "count": 14
          },
          "lofo": {
            "mean": 0.14285714285714285,
            "ci_low": 0.04009392127146496,
            "ci_high": 0.3994137949697036,
            "count": 14
          }
        },
        "student_failure_modes": {
          "all": {
            "mean": 0.35714285714285715,
            "ci_low": 0.1634473175355414,
            "ci_high": 0.612355768960926,
            "count": 14
          },
          "lofo": {
            "mean": 0.35714285714285715,
            "ci_low": 0.1634473175355414,
            "ci_high": 0.612355768960926,
            "count": 14
          }
        }
      }
    }
  }
}