{
  "stage": "B",
  "label": "student_outcome_judge_mentor_manual",
  "kind": "student",
  "systems": {
    "mentor_manual": {
      "generator_family": "mentor",
      "metrics": {
        "student_actionability": {
          "all": {
            "mean": 1.513333333333333,
            "ci_low": 1.422222222222222,
            "ci_high": 1.5977777777777775,
            "count": 15
          },
          "lofo": {
            "mean": 1.513333333333333,
            "ci_low": 1.422222222222222,
            "ci_high": 1.5977777777777775,
            "count": 15
          }
        },
        "student_clarity": {
          "all": {
            "mean": 1.6755555555555557,
            "ci_low": 1.6332777777777778,
            "ci_high": 1.7200000000000004,
            "count": 15
          },
          "lofo": {
            "mean": 1.6755555555555557,
            "ci_low": 1.6332777777777778,
            "ci_high": 1.7200000000000004,
            "count": 15
          }
        },
        "student_constraint_fit": {
          "all": {
            "mean": 1.2222222222222219,
            "ci_low": 1.1288888888888886,
            "ci_high": 1.3022777777777776,
            "count": 15
          },
          "lofo": {
            "mean": 1.2222222222222219,
            "ci_low": 1.1288888888888886,
            "ci_high": 1.3022777777777776,
            "count": 15
          }
        },
        "student_confidence_gain": {
          "all": {
            "mean": 1.6133333333333333,
            "ci_low": 1.5288888888888892,
            "ci_high": 1.6888888888888889,
            "count": 15
          },
          "lofo": {
            "mean": 1.6133333333333333,
            "ci_low": 1.5288888888888892,
            "ci_high": 1.6888888888888889,
            "count": 15
          }
        },
        "student_path_ready": {
          "all": {
            "mean": 0.8666666666666667,
            "ci_low": 0.6211801716767764,
            "ci_high": 0.9626387408969347,
            "count": 15
          },
          "lofo": {
            "mean": 0.8666666666666667,
            "ci_low": 0.6211801716767764,
            "ci_high": 0.9626387408969347,
            "count": 15
          }
        },
        "student_failure_modes": {
          "all": {
            "mean": 0.8666666666666667,
            "ci_low": 0.6211801716767764,
            "ci_high": 0.9626387408969347,
            "count": 15
          },
          "lofo": {
            "mean": 0.8666666666666667,
            "ci_low": 0.6211801716767764,
            "ci_high": 0.9626387408969347,
            "count": 15
          }
        }
      }
    }
  }
}