{
  "stage": "C",
  "label": "student_outcome_judge_openrouter_openai_gpt_5",
  "kind": "student",
  "systems": {
    "openrouter:openai/gpt-5": {
      "generator_family": "openai",
      "metrics": {
        "student_actionability": {
          "all": {
            "mean": 1.3711111111111112,
            "ci_low": 1.2244444444444447,
            "ci_high": 1.5066666666666668,
            "count": 15
          },
          "lofo": {
            "mean": 1.3711111111111112,
            "ci_low": 1.2244444444444447,
            "ci_high": 1.5066666666666668,
            "count": 15
          }
        },
        "student_clarity": {
          "all": {
            "mean": 1.5733333333333335,
            "ci_low": 1.4822222222222226,
            "ci_high": 1.6444444444444448,
            "count": 15
          },
          "lofo": {
            "mean": 1.5733333333333335,
            "ci_low": 1.4822222222222226,
            "ci_high": 1.6444444444444448,
            "count": 15
          }
        },
        "student_constraint_fit": {
          "all": {
            "mean": 1.1444444444444446,
            "ci_low": 0.9800000000000001,
            "ci_high": 1.3044444444444445,
            "count": 15
          },
          "lofo": {
            "mean": 1.1444444444444446,
            "ci_low": 0.9800000000000001,
            "ci_high": 1.3044444444444445,
            "count": 15
          }
        },
        "student_confidence_gain": {
          "all": {
            "mean": 1.3977777777777776,
            "ci_low": 1.2800000000000002,
            "ci_high": 1.508888888888889,
            "count": 15
          },
          "lofo": {
            "mean": 1.3977777777777776,
            "ci_low": 1.2800000000000002,
            "ci_high": 1.508888888888889,
            "count": 15
          }
        },
        "student_path_ready": {
          "all": {
            "mean": 0.8,
            "ci_low": 0.5481455128483065,
            "ci_high": 0.9295245065301844,
            "count": 15
          },
          "lofo": {
            "mean": 0.8,
            "ci_low": 0.5481455128483065,
            "ci_high": 0.9295245065301844,
            "count": 15
          }
        },
        "student_failure_modes": {
          "all": {
            "mean": 0.8666666666666667,
            "ci_low": 0.6211801716767764,
            "ci_high": 0.9626387408969347,
            "count": 15
          },
          "lofo": {
            "mean": 0.8666666666666667,
            "ci_low": 0.6211801716767764,
            "ci_high": 0.9626387408969347,
            "count": 15
          }
        }
      }
    }
  }
}