{
  "displayed_A": {
    "decisive": 86,
    "win_rate": 0.6627906976744186,
    "wins": 57
  },
  "displayed_B": {
    "decisive": 124,
    "win_rate": 0.6774193548387096,
    "wins": 84
  },
  "fisher_two_sided_p": 0.881593742253751
}