{
  "stage": "D",
  "label": "expert_absolute_pro_openrouter_anthropic_claude_sonnet_4_5",
  "kind": "expert",
  "systems": {
    "openrouter:anthropic/claude-sonnet-4.5": {
      "generator_family": "anthropic",
      "metrics": {
        "rag_fidelity": {
          "all": {
            "mean": 1.119047619047619,
            "ci_low": 0.8095238095238094,
            "ci_high": 1.4642857142857142,
            "count": 14
          },
          "lofo": {
            "mean": 1.119047619047619,
            "ci_low": 0.8095238095238094,
            "ci_high": 1.4642857142857142,
            "count": 14
          }
        },
        "citation_relevance": {
          "all": {
            "mean": 1.3333333333333335,
            "ci_low": 1.0714285714285714,
            "ci_high": 1.571428571428571,
            "count": 14
          },
          "lofo": {
            "mean": 1.3333333333333335,
            "ci_low": 1.0714285714285714,
            "ci_high": 1.571428571428571,
            "count": 14
          }
        },
        "source_fit": {
          "all": {
            "mean": 1.4047619047619049,
            "ci_low": 1.0714285714285714,
            "ci_high": 1.6904761904761902,
            "count": 14
          },
          "lofo": {
            "mean": 1.4047619047619049,
            "ci_low": 1.0714285714285714,
            "ci_high": 1.6904761904761902,
            "count": 14
          }
        },
        "citation_quality": {
          "all": {
            "mean": 0.8571428571428571,
            "ci_low": 0.619047619047619,
            "ci_high": 1.0714285714285716,
            "count": 14
          },
          "lofo": {
            "mean": 0.8571428571428571,
            "ci_low": 0.619047619047619,
            "ci_high": 1.0714285714285716,
            "count": 14
          }
        },
        "actionability": {
          "all": {
            "mean": 0.7738095238095238,
            "ci_low": 0.7166666666666668,
            "ci_high": 0.8238690476190476,
            "count": 14
          },
          "lofo": {
            "mean": 0.7738095238095238,
            "ci_low": 0.7166666666666668,
            "ci_high": 0.8238690476190476,
            "count": 14
          }
        },
        "persona_compliance": {
          "all": {
            "mean": 1.6904761904761905,
            "ci_low": 1.4761904761904763,
            "ci_high": 1.8577380952380924,
            "count": 14
          },
          "lofo": {
            "mean": 1.6904761904761905,
            "ci_low": 1.4761904761904763,
            "ci_high": 1.8577380952380924,
            "count": 14
          }
        },
        "stage_awareness": {
          "all": {
            "mean": 1.488095238095238,
            "ci_low": 1.1666666666666665,
            "ci_high": 1.7619047619047616,
            "count": 14
          },
          "lofo": {
            "mean": 1.488095238095238,
            "ci_low": 1.1666666666666665,
            "ci_high": 1.7619047619047616,
            "count": 14
          }
        },
        "tone_constructive": {
          "all": {
            "mean": 1.7857142857142863,
            "ci_low": 1.7142857142857146,
            "ci_high": 1.8809523809523812,
            "count": 14
          },
          "lofo": {
            "mean": 1.7857142857142863,
            "ci_low": 1.7142857142857146,
            "ci_high": 1.8809523809523812,
            "count": 14
          }
        },
        "evidence_gap_detection": {
          "all": {
            "mean": 1.0,
            "ci_low": 0.3423802275066531,
            "ci_high": 1.0,
            "count": 2
          },
          "lofo": {
            "mean": 1.0,
            "ci_low": 0.3423802275066531,
            "ci_high": 1.0,
            "count": 2
          }
        },
        "risk_analysis": {
          "all": {
            "mean": 0.4166666666666667,
            "ci_low": 0.19326031365875665,
            "ci_high": 0.6804886874504503,
            "count": 12
          },
          "lofo": {
            "mean": 0.4166666666666667,
            "ci_low": 0.19326031365875665,
            "ci_high": 0.6804886874504503,
            "count": 12
          }
        },
        "experiment_design": {
          "all": {
            "mean": 1.0,
            "ci_low": 0.7575059933447591,
            "ci_high": 1.0,
            "count": 12
          },
          "lofo": {
            "mean": 1.0,
            "ci_low": 0.7575059933447591,
            "ci_high": 1.0,
            "count": 12
          }
        },
        "resource_estimation": {
          "all": {
            "mean": 1.0,
            "ci_low": 0.20654931437723742,
            "ci_high": 1.0,
            "count": 1
          },
          "lofo": {
            "mean": 1.0,
            "ci_low": 0.20654931437723742,
            "ci_high": 1.0,
            "count": 1
          }
        }
      }
    }
  }
}