{
  "claude": {
    "bootstrap_ci_mean_diff": [
      0.14674999999999996,
      0.29195000000000004
    ],
    "losses": 0,
    "mean_diff": 0.2116,
    "median_diff": 0.19299999999999995,
    "n": 20,
    "sign_test_p": 1.9073486328125e-06,
    "ties": 0,
    "wins": 20
  },
  "gemini": {
    "bootstrap_ci_mean_diff": [
      -0.010149999999999992,
      0.08179999999999996
    ],
    "losses": 6,
    "mean_diff": 0.0355,
    "median_diff": 0.01650000000000007,
    "n": 20,
    "sign_test_p": 0.237884521484375,
    "ties": 2,
    "wins": 12
  },
  "gpt5": {
    "bootstrap_ci_mean_diff": [
      0.03755000000000003,
      0.11195
    ],
    "losses": 3,
    "mean_diff": 0.0742,
    "median_diff": 0.0635,
    "n": 20,
    "sign_test_p": 0.004425048828125,
    "ties": 1,
    "wins": 16
  }
}