{
  "stage": "B",
  "label": "student_outcome_judge_openrouter_openai_gpt_5",
  "kind": "student",
  "systems": {
    "openrouter:openai/gpt-5": {
      "generator_family": "openai",
      "metrics": {
        "student_actionability": {
          "all": {
            "mean": 1.5222222222222224,
            "ci_low": 1.426611111111111,
            "ci_high": 1.6155555555555556,
            "count": 15
          },
          "lofo": {
            "mean": 1.5222222222222224,
            "ci_low": 1.426611111111111,
            "ci_high": 1.6155555555555556,
            "count": 15
          }
        },
        "student_clarity": {
          "all": {
            "mean": 1.697777777777778,
            "ci_low": 1.6533333333333335,
            "ci_high": 1.7511111111111113,
            "count": 15
          },
          "lofo": {
            "mean": 1.697777777777778,
            "ci_low": 1.6533333333333335,
            "ci_high": 1.7511111111111113,
            "count": 15
          }
        },
        "student_constraint_fit": {
          "all": {
            "mean": 1.2466666666666666,
            "ci_low": 1.1333333333333333,
            "ci_high": 1.3711666666666666,
            "count": 15
          },
          "lofo": {
            "mean": 1.2466666666666666,
            "ci_low": 1.1333333333333333,
            "ci_high": 1.3711666666666666,
            "count": 15
          }
        },
        "student_confidence_gain": {
          "all": {
            "mean": 1.655555555555556,
            "ci_low": 1.591111111111111,
            "ci_high": 1.7133333333333334,
            "count": 15
          },
          "lofo": {
            "mean": 1.655555555555556,
            "ci_low": 1.591111111111111,
            "ci_high": 1.7133333333333334,
            "count": 15
          }
        },
        "student_path_ready": {
          "all": {
            "mean": 0.8,
            "ci_low": 0.5481455128483065,
            "ci_high": 0.9295245065301844,
            "count": 15
          },
          "lofo": {
            "mean": 0.8,
            "ci_low": 0.5481455128483065,
            "ci_high": 0.9295245065301844,
            "count": 15
          }
        },
        "student_failure_modes": {
          "all": {
            "mean": 1.0,
            "ci_low": 0.7961166989641514,
            "ci_high": 1.0,
            "count": 15
          },
          "lofo": {
            "mean": 1.0,
            "ci_low": 0.7961166989641514,
            "ci_high": 1.0,
            "count": 15
          }
        }
      }
    }
  }
}