{
  "stage": "D",
  "label": "expert_absolute_pro_openrouter_openai_gpt_5",
  "kind": "expert",
  "systems": {
    "openrouter:openai/gpt-5": {
      "generator_family": "openai",
      "metrics": {
        "rag_fidelity": {
          "all": {
            "mean": 1.9333333333333336,
            "ci_low": 1.866666666666667,
            "ci_high": 2.0,
            "count": 15
          },
          "lofo": {
            "mean": 1.9333333333333336,
            "ci_low": 1.866666666666667,
            "ci_high": 2.0,
            "count": 15
          }
        },
        "citation_relevance": {
          "all": {
            "mean": 1.9066666666666667,
            "ci_low": 1.7244444444444444,
            "ci_high": 2.0,
            "count": 15
          },
          "lofo": {
            "mean": 1.9066666666666667,
            "ci_low": 1.7244444444444444,
            "ci_high": 2.0,
            "count": 15
          }
        },
        "source_fit": {
          "all": {
            "mean": 1.9555555555555557,
            "ci_low": 1.888888888888889,
            "ci_high": 2.0,
            "count": 15
          },
          "lofo": {
            "mean": 1.9555555555555557,
            "ci_low": 1.888888888888889,
            "ci_high": 2.0,
            "count": 15
          }
        },
        "citation_quality": {
          "all": {
            "mean": 1.8555555555555554,
            "ci_low": 1.6888888888888889,
            "ci_high": 1.9777777777777779,
            "count": 15
          },
          "lofo": {
            "mean": 1.8555555555555554,
            "ci_low": 1.6888888888888889,
            "ci_high": 1.9777777777777779,
            "count": 15
          }
        },
        "actionability": {
          "all": {
            "mean": 0.8733333333333334,
            "ci_low": 0.8377222222222223,
            "ci_high": 0.908888888888889,
            "count": 15
          },
          "lofo": {
            "mean": 0.8733333333333334,
            "ci_low": 0.8377222222222223,
            "ci_high": 0.908888888888889,
            "count": 15
          }
        },
        "persona_compliance": {
          "all": {
            "mean": 1.8666666666666667,
            "ci_low": 1.7555555555555558,
            "ci_high": 1.9666666666666666,
            "count": 15
          },
          "lofo": {
            "mean": 1.8666666666666667,
            "ci_low": 1.7555555555555558,
            "ci_high": 1.9666666666666666,
            "count": 15
          }
        },
        "stage_awareness": {
          "all": {
            "mean": 2.0,
            "ci_low": 2.0,
            "ci_high": 2.0,
            "count": 15
          },
          "lofo": {
            "mean": 2.0,
            "ci_low": 2.0,
            "ci_high": 2.0,
            "count": 15
          }
        },
        "tone_constructive": {
          "all": {
            "mean": 1.8000000000000003,
            "ci_low": 1.7333333333333336,
            "ci_high": 1.888888888888889,
            "count": 15
          },
          "lofo": {
            "mean": 1.8000000000000003,
            "ci_low": 1.7333333333333336,
            "ci_high": 1.888888888888889,
            "count": 15
          }
        },
        "evidence_gap_detection": {
          "all": {
            "mean": 0.0,
            "ci_low": 0.0,
            "ci_high": 0.6576197724933469,
            "count": 2
          },
          "lofo": {
            "mean": 0.0,
            "ci_low": 0.0,
            "ci_high": 0.6576197724933469,
            "count": 2
          }
        },
        "risk_analysis": {
          "all": {
            "mean": 0.6153846153846154,
            "ci_low": 0.3552289151266569,
            "ci_high": 0.8229029220223743,
            "count": 13
          },
          "lofo": {
            "mean": 0.6153846153846154,
            "ci_low": 0.3552289151266569,
            "ci_high": 0.8229029220223743,
            "count": 13
          }
        },
        "experiment_design": {
          "all": {
            "mean": 1.0,
            "ci_low": 0.7719046276458015,
            "ci_high": 1.0,
            "count": 13
          },
          "lofo": {
            "mean": 1.0,
            "ci_low": 0.7719046276458015,
            "ci_high": 1.0,
            "count": 13
          }
        },
        "resource_estimation": {
          "all": {
            "mean": 1.0,
            "ci_low": 0.20654931437723742,
            "ci_high": 1.0,
            "count": 1
          },
          "lofo": {
            "mean": 1.0,
            "ci_low": 0.20654931437723742,
            "ci_high": 1.0,
            "count": 1
          }
        }
      }
    }
  }
}