{
  "stage": "A",
  "label": "student_outcome_judge_openrouter_openai_gpt_5",
  "kind": "student",
  "systems": {
    "openrouter:openai/gpt-5": {
      "generator_family": "openai",
      "metrics": {
        "student_actionability": {
          "all": {
            "mean": 1.937777777777778,
            "ci_low": 1.9199999999999997,
            "ci_high": 1.9533333333333336,
            "count": 15
          },
          "lofo": {
            "mean": 1.937777777777778,
            "ci_low": 1.9199999999999997,
            "ci_high": 1.9533333333333336,
            "count": 15
          }
        },
        "student_clarity": {
          "all": {
            "mean": 1.8844444444444444,
            "ci_low": 1.8555555555555556,
            "ci_high": 1.9066666666666667,
            "count": 15
          },
          "lofo": {
            "mean": 1.8844444444444444,
            "ci_low": 1.8555555555555556,
            "ci_high": 1.9066666666666667,
            "count": 15
          }
        },
        "student_constraint_fit": {
          "all": {
            "mean": 1.78,
            "ci_low": 1.7310555555555556,
            "ci_high": 1.8266666666666669,
            "count": 15
          },
          "lofo": {
            "mean": 1.78,
            "ci_low": 1.7310555555555556,
            "ci_high": 1.8266666666666669,
            "count": 15
          }
        },
        "student_confidence_gain": {
          "all": {
            "mean": 1.7955555555555553,
            "ci_low": 1.7688888888888887,
            "ci_high": 1.8222222222222217,
            "count": 15
          },
          "lofo": {
            "mean": 1.7955555555555553,
            "ci_low": 1.7688888888888887,
            "ci_high": 1.8222222222222217,
            "count": 15
          }
        },
        "student_path_ready": {
          "all": {
            "mean": 1.0,
            "ci_low": 0.7961166989641514,
            "ci_high": 1.0,
            "count": 15
          },
          "lofo": {
            "mean": 1.0,
            "ci_low": 0.7961166989641514,
            "ci_high": 1.0,
            "count": 15
          }
        },
        "student_failure_modes": {
          "all": {
            "mean": 1.0,
            "ci_low": 0.7961166989641514,
            "ci_high": 1.0,
            "count": 15
          },
          "lofo": {
            "mean": 1.0,
            "ci_low": 0.7961166989641514,
            "ci_high": 1.0,
            "count": 15
          }
        }
      }
    }
  }
}