{
  "stage": "E",
  "label": "student_outcome_judge_openrouter_openai_gpt_5",
  "kind": "student",
  "systems": {
    "openrouter:openai/gpt-5": {
      "generator_family": "openai",
      "metrics": {
        "student_actionability": {
          "all": {
            "mean": 1.413333333333333,
            "ci_low": 1.3444444444444443,
            "ci_high": 1.4866666666666668,
            "count": 15
          },
          "lofo": {
            "mean": 1.413333333333333,
            "ci_low": 1.3444444444444443,
            "ci_high": 1.4866666666666668,
            "count": 15
          }
        },
        "student_clarity": {
          "all": {
            "mean": 1.6177777777777778,
            "ci_low": 1.568888888888889,
            "ci_high": 1.6755555555555557,
            "count": 15
          },
          "lofo": {
            "mean": 1.6177777777777778,
            "ci_low": 1.568888888888889,
            "ci_high": 1.6755555555555557,
            "count": 15
          }
        },
        "student_constraint_fit": {
          "all": {
            "mean": 1.0755555555555556,
            "ci_low": 0.9955555555555555,
            "ci_high": 1.1622222222222223,
            "count": 15
          },
          "lofo": {
            "mean": 1.0755555555555556,
            "ci_low": 0.9955555555555555,
            "ci_high": 1.1622222222222223,
            "count": 15
          }
        },
        "student_confidence_gain": {
          "all": {
            "mean": 1.5555555555555556,
            "ci_low": 1.4977777777777779,
            "ci_high": 1.62,
            "count": 15
          },
          "lofo": {
            "mean": 1.5555555555555556,
            "ci_low": 1.4977777777777779,
            "ci_high": 1.62,
            "count": 15
          }
        },
        "student_path_ready": {
          "all": {
            "mean": 0.8666666666666667,
            "ci_low": 0.6211801716767764,
            "ci_high": 0.9626387408969347,
            "count": 15
          },
          "lofo": {
            "mean": 0.8666666666666667,
            "ci_low": 0.6211801716767764,
            "ci_high": 0.9626387408969347,
            "count": 15
          }
        },
        "student_failure_modes": {
          "all": {
            "mean": 0.8666666666666667,
            "ci_low": 0.6211801716767764,
            "ci_high": 0.9626387408969347,
            "count": 15
          },
          "lofo": {
            "mean": 0.8666666666666667,
            "ci_low": 0.6211801716767764,
            "ci_high": 0.9626387408969347,
            "count": 15
          }
        }
      }
    }
  }
}