{
  "stage": "A",
  "label": "student_outcome_judge_mentor_manual",
  "kind": "student",
  "systems": {
    "mentor_manual": {
      "generator_family": "mentor",
      "metrics": {
        "student_actionability": {
          "all": {
            "mean": 1.8599999999999999,
            "ci_low": 1.8,
            "ci_high": 1.911111111111111,
            "count": 15
          },
          "lofo": {
            "mean": 1.8599999999999999,
            "ci_low": 1.8,
            "ci_high": 1.911111111111111,
            "count": 15
          }
        },
        "student_clarity": {
          "all": {
            "mean": 1.8266666666666669,
            "ci_low": 1.7844444444444443,
            "ci_high": 1.8644444444444446,
            "count": 15
          },
          "lofo": {
            "mean": 1.8266666666666669,
            "ci_low": 1.7844444444444443,
            "ci_high": 1.8644444444444446,
            "count": 15
          }
        },
        "student_constraint_fit": {
          "all": {
            "mean": 1.6977777777777776,
            "ci_low": 1.611111111111111,
            "ci_high": 1.7688888888888887,
            "count": 15
          },
          "lofo": {
            "mean": 1.6977777777777776,
            "ci_low": 1.611111111111111,
            "ci_high": 1.7688888888888887,
            "count": 15
          }
        },
        "student_confidence_gain": {
          "all": {
            "mean": 1.7266666666666666,
            "ci_low": 1.682222222222222,
            "ci_high": 1.7666666666666666,
            "count": 15
          },
          "lofo": {
            "mean": 1.7266666666666666,
            "ci_low": 1.682222222222222,
            "ci_high": 1.7666666666666666,
            "count": 15
          }
        },
        "student_path_ready": {
          "all": {
            "mean": 0.9333333333333333,
            "ci_low": 0.7018347012621998,
            "ci_high": 0.9881331045067316,
            "count": 15
          },
          "lofo": {
            "mean": 0.9333333333333333,
            "ci_low": 0.7018347012621998,
            "ci_high": 0.9881331045067316,
            "count": 15
          }
        },
        "student_failure_modes": {
          "all": {
            "mean": 0.9333333333333333,
            "ci_low": 0.7018347012621998,
            "ci_high": 0.9881331045067316,
            "count": 15
          },
          "lofo": {
            "mean": 0.9333333333333333,
            "ci_low": 0.7018347012621998,
            "ci_high": 0.9881331045067316,
            "count": 15
          }
        }
      }
    }
  }
}