{
  "stage": "A",
  "label": "expert_absolute_pro_openrouter_anthropic_claude_sonnet_4_5",
  "kind": "expert",
  "systems": {
    "openrouter:anthropic/claude-sonnet-4.5": {
      "generator_family": "anthropic",
      "metrics": {
        "rag_fidelity": {
          "all": {
            "mean": 1.7111111111111112,
            "ci_low": 1.4444444444444444,
            "ci_high": 1.9111111111111112,
            "count": 15
          },
          "lofo": {
            "mean": 1.7111111111111112,
            "ci_low": 1.4444444444444444,
            "ci_high": 1.9111111111111112,
            "count": 15
          }
        },
        "citation_relevance": {
          "all": {
            "mean": 1.7111111111111112,
            "ci_low": 1.3111111111111111,
            "ci_high": 2.0,
            "count": 15
          },
          "lofo": {
            "mean": 1.7111111111111112,
            "ci_low": 1.3111111111111111,
            "ci_high": 2.0,
            "count": 15
          }
        },
        "source_fit": {
          "all": {
            "mean": 1.911111111111111,
            "ci_low": 1.7333333333333334,
            "ci_high": 2.0,
            "count": 15
          },
          "lofo": {
            "mean": 1.911111111111111,
            "ci_low": 1.7333333333333334,
            "ci_high": 2.0,
            "count": 15
          }
        },
        "citation_quality": {
          "all": {
            "mean": 1.686666666666667,
            "ci_low": 1.288888888888889,
            "ci_high": 1.9755555555555555,
            "count": 15
          },
          "lofo": {
            "mean": 1.686666666666667,
            "ci_low": 1.288888888888889,
            "ci_high": 1.9755555555555555,
            "count": 15
          }
        },
        "actionability": {
          "all": {
            "mean": 0.8533333333333335,
            "ci_low": 0.8,
            "ci_high": 0.9000000000000001,
            "count": 15
          },
          "lofo": {
            "mean": 0.8533333333333335,
            "ci_low": 0.8,
            "ci_high": 0.9000000000000001,
            "count": 15
          }
        },
        "persona_compliance": {
          "all": {
            "mean": 1.9888888888888887,
            "ci_low": 1.9666666666666663,
            "ci_high": 2.0,
            "count": 15
          },
          "lofo": {
            "mean": 1.9888888888888887,
            "ci_low": 1.9666666666666663,
            "ci_high": 2.0,
            "count": 15
          }
        },
        "stage_awareness": {
          "all": {
            "mean": 1.9555555555555555,
            "ci_low": 1.8666666666666665,
            "ci_high": 2.0,
            "count": 15
          },
          "lofo": {
            "mean": 1.9555555555555555,
            "ci_low": 1.8666666666666665,
            "ci_high": 2.0,
            "count": 15
          }
        },
        "tone_constructive": {
          "all": {
            "mean": 1.9777777777777779,
            "ci_low": 1.9333333333333333,
            "ci_high": 2.0,
            "count": 15
          },
          "lofo": {
            "mean": 1.9777777777777779,
            "ci_low": 1.9333333333333333,
            "ci_high": 2.0,
            "count": 15
          }
        },
        "resource_estimation": {
          "all": {
            "mean": 0.3333333333333333,
            "ci_low": 0.061491944720396215,
            "ci_high": 0.7923403991979523,
            "count": 3
          },
          "lofo": {
            "mean": 0.3333333333333333,
            "ci_low": 0.061491944720396215,
            "ci_high": 0.7923403991979523,
            "count": 3
          }
        },
        "timeline_guidance": {
          "all": {
            "mean": 0.6666666666666666,
            "ci_low": 0.20765960080204768,
            "ci_high": 0.9385080552796037,
            "count": 3
          },
          "lofo": {
            "mean": 0.6666666666666666,
            "ci_low": 0.20765960080204768,
            "ci_high": 0.9385080552796037,
            "count": 3
          }
        },
        "expectation_management": {
          "all": {
            "mean": 1.0,
            "ci_low": 0.5101091635454027,
            "ci_high": 1.0,
            "count": 4
          },
          "lofo": {
            "mean": 1.0,
            "ci_low": 0.5101091635454027,
            "ci_high": 1.0,
            "count": 4
          }
        },
        "risk_mitigation": {
          "all": {
            "mean": 1.0,
            "ci_low": 0.20654931437723742,
            "ci_high": 1.0,
            "count": 1
          },
          "lofo": {
            "mean": 1.0,
            "ci_low": 0.20654931437723742,
            "ci_high": 1.0,
            "count": 1
          }
        }
      }
    }
  }
}