metric,reference,comparator,n,t_stat,p_value,cohens_d_z
success_turn,multi_turn_eval_mentor,multi_turn_eval_baseline_sonnet,5,0.9999999999999999,0.373900966300059,0.44721359549995787
success_turn,multi_turn_eval_mentor,multi_turn_eval_baselines_gpt5,5,1.632993161855452,0.17780780835622126,0.7302967433402214
success_minutes,multi_turn_eval_mentor,multi_turn_eval_baseline_sonnet,5,0.7725714576454482,0.4828893220764266,0.3455044593542644
success_minutes,multi_turn_eval_mentor,multi_turn_eval_baselines_gpt5,5,0.9972074031441763,0.37510157277758094,0.4459647082192832
final_score,multi_turn_eval_mentor,multi_turn_eval_baseline_sonnet,5,1.2223694836523467,0.28866879635158094,0.546660251813593
final_score,multi_turn_eval_mentor,multi_turn_eval_baselines_gpt5,5,2.9305554002714382,0.04279009661832191,1.3105842173672082
net_gain,multi_turn_eval_mentor,multi_turn_eval_baseline_sonnet,5,1.5022672041602414,0.20744356928071506,0.6718343177741708
net_gain,multi_turn_eval_mentor,multi_turn_eval_baselines_gpt5,5,2.1388246745416817,0.09921874009689505,0.9565114728458127
