{
  "stage": "F",
  "label": "expert_absolute_pro_openrouter_openai_gpt_5",
  "kind": "expert",
  "systems": {
    "openrouter:openai/gpt-5": {
      "generator_family": "openai",
      "metrics": {
        "rag_fidelity": {
          "all": {
            "mean": 1.438888888888889,
            "ci_low": 1.1552777777777783,
            "ci_high": 1.716666666666667,
            "count": 15
          },
          "lofo": {
            "mean": 1.438888888888889,
            "ci_low": 1.1552777777777783,
            "ci_high": 1.716666666666667,
            "count": 15
          }
        },
        "citation_relevance": {
          "all": {
            "mean": 1.3888888888888888,
            "ci_low": 1.033333333333333,
            "ci_high": 1.7333333333333334,
            "count": 15
          },
          "lofo": {
            "mean": 1.3888888888888888,
            "ci_low": 1.033333333333333,
            "ci_high": 1.7333333333333334,
            "count": 15
          }
        },
        "source_fit": {
          "all": {
            "mean": 1.777777777777778,
            "ci_low": 1.5555555555555556,
            "ci_high": 1.9555555555555557,
            "count": 15
          },
          "lofo": {
            "mean": 1.777777777777778,
            "ci_low": 1.5555555555555556,
            "ci_high": 1.9555555555555557,
            "count": 15
          }
        },
        "citation_quality": {
          "all": {
            "mean": 1.0666666666666667,
            "ci_low": 0.5333333333333333,
            "ci_high": 1.6,
            "count": 15
          },
          "lofo": {
            "mean": 1.0666666666666667,
            "ci_low": 0.5333333333333333,
            "ci_high": 1.6,
            "count": 15
          }
        },
        "actionability": {
          "all": {
            "mean": 0.8866666666666667,
            "ci_low": 0.8333333333333334,
            "ci_high": 0.9377777777777777,
            "count": 15
          },
          "lofo": {
            "mean": 0.8866666666666667,
            "ci_low": 0.8333333333333334,
            "ci_high": 0.9377777777777777,
            "count": 15
          }
        },
        "persona_compliance": {
          "all": {
            "mean": 1.9555555555555555,
            "ci_low": 1.8666666666666665,
            "ci_high": 2.0,
            "count": 15
          },
          "lofo": {
            "mean": 1.9555555555555555,
            "ci_low": 1.8666666666666665,
            "ci_high": 2.0,
            "count": 15
          }
        },
        "stage_awareness": {
          "all": {
            "mean": 1.9555555555555555,
            "ci_low": 1.8666666666666665,
            "ci_high": 2.0,
            "count": 15
          },
          "lofo": {
            "mean": 1.9555555555555555,
            "ci_low": 1.8666666666666665,
            "ci_high": 2.0,
            "count": 15
          }
        },
        "tone_constructive": {
          "all": {
            "mean": 1.9111111111111114,
            "ci_low": 1.8444444444444448,
            "ci_high": 1.9777777777777779,
            "count": 15
          },
          "lofo": {
            "mean": 1.9111111111111114,
            "ci_low": 1.8444444444444448,
            "ci_high": 1.9777777777777779,
            "count": 15
          }
        },
        "plan_completeness": {
          "all": {
            "mean": 0.6666666666666666,
            "ci_low": 0.35420213558039626,
            "ci_high": 0.8794161816130891,
            "count": 9
          },
          "lofo": {
            "mean": 0.6666666666666666,
            "ci_low": 0.35420213558039626,
            "ci_high": 0.8794161816130891,
            "count": 9
          }
        },
        "timeline_quality": {
          "all": {
            "mean": 1.0,
            "ci_low": 0.4385029682449545,
            "ci_high": 1.0,
            "count": 3
          },
          "lofo": {
            "mean": 1.0,
            "ci_low": 0.4385029682449545,
            "ci_high": 1.0,
            "count": 3
          }
        },
        "risk_mitigation": {
          "all": {
            "mean": 1.0,
            "ci_low": 0.700854951580456,
            "ci_high": 1.0,
            "count": 9
          },
          "lofo": {
            "mean": 1.0,
            "ci_low": 0.700854951580456,
            "ci_high": 1.0,
            "count": 9
          }
        },
        "expectation_management": {
          "all": {
            "mean": 1.0,
            "ci_low": 0.3423802275066531,
            "ci_high": 1.0,
            "count": 2
          },
          "lofo": {
            "mean": 1.0,
            "ci_low": 0.3423802275066531,
            "ci_high": 1.0,
            "count": 2
          }
        }
      }
    }
  }
}