{
  "stage": "C",
  "label": "expert_absolute_pro_mentor_manual",
  "kind": "expert",
  "systems": {
    "mentor_manual": {
      "generator_family": "mentor",
      "metrics": {
        "rag_fidelity": {
          "all": {
            "mean": 1.7222222222222223,
            "ci_low": 1.5108333333333335,
            "ci_high": 1.9222222222222223,
            "count": 15
          },
          "lofo": {
            "mean": 1.7222222222222223,
            "ci_low": 1.5108333333333335,
            "ci_high": 1.9222222222222223,
            "count": 15
          }
        },
        "citation_relevance": {
          "all": {
            "mean": 1.9400000000000002,
            "ci_low": 1.8377777777777777,
            "ci_high": 1.9977777777777779,
            "count": 15
          },
          "lofo": {
            "mean": 1.9400000000000002,
            "ci_low": 1.8377777777777777,
            "ci_high": 1.9977777777777779,
            "count": 15
          }
        },
        "source_fit": {
          "all": {
            "mean": 1.9111111111111112,
            "ci_low": 1.8,
            "ci_high": 2.0,
            "count": 15
          },
          "lofo": {
            "mean": 1.9111111111111112,
            "ci_low": 1.8,
            "ci_high": 2.0,
            "count": 15
          }
        },
        "citation_quality": {
          "all": {
            "mean": 1.9333333333333333,
            "ci_low": 1.866666666666667,
            "ci_high": 2.0,
            "count": 15
          },
          "lofo": {
            "mean": 1.9333333333333333,
            "ci_low": 1.866666666666667,
            "ci_high": 2.0,
            "count": 15
          }
        },
        "actionability": {
          "all": {
            "mean": 0.9377777777777779,
            "ci_low": 0.9111111111111112,
            "ci_high": 0.9644444444444444,
            "count": 15
          },
          "lofo": {
            "mean": 0.9377777777777779,
            "ci_low": 0.9111111111111112,
            "ci_high": 0.9644444444444444,
            "count": 15
          }
        },
        "persona_compliance": {
          "all": {
            "mean": 1.5111111111111108,
            "ci_low": 1.311111111111111,
            "ci_high": 1.7111111111111112,
            "count": 15
          },
          "lofo": {
            "mean": 1.5111111111111108,
            "ci_low": 1.311111111111111,
            "ci_high": 1.7111111111111112,
            "count": 15
          }
        },
        "stage_awareness": {
          "all": {
            "mean": 2.0,
            "ci_low": 2.0,
            "ci_high": 2.0,
            "count": 15
          },
          "lofo": {
            "mean": 2.0,
            "ci_low": 2.0,
            "ci_high": 2.0,
            "count": 15
          }
        },
        "tone_constructive": {
          "all": {
            "mean": 1.8666666666666667,
            "ci_low": 1.7333333333333332,
            "ci_high": 1.9777777777777779,
            "count": 15
          },
          "lofo": {
            "mean": 1.8666666666666667,
            "ci_low": 1.7333333333333332,
            "ci_high": 1.9777777777777779,
            "count": 15
          }
        },
        "plan_completeness": {
          "all": {
            "mean": 1.0,
            "ci_low": 0.7961166989641514,
            "ci_high": 1.0,
            "count": 15
          },
          "lofo": {
            "mean": 1.0,
            "ci_low": 0.7961166989641514,
            "ci_high": 1.0,
            "count": 15
          }
        },
        "risk_mitigation": {
          "all": {
            "mean": 1.0,
            "ci_low": 0.7575059933447591,
            "ci_high": 1.0,
            "count": 12
          },
          "lofo": {
            "mean": 1.0,
            "ci_low": 0.7575059933447591,
            "ci_high": 1.0,
            "count": 12
          }
        },
        "timeline_quality": {
          "all": {
            "mean": 0.8888888888888888,
            "ci_low": 0.5650002944233439,
            "ci_high": 0.980109112361455,
            "count": 9
          },
          "lofo": {
            "mean": 0.8888888888888888,
            "ci_low": 0.5650002944233439,
            "ci_high": 0.980109112361455,
            "count": 9
          }
        },
        "resource_estimation": {
          "all": {
            "mean": 1.0,
            "ci_low": 0.7411670330319683,
            "ci_high": 1.0,
            "count": 11
          },
          "lofo": {
            "mean": 1.0,
            "ci_low": 0.7411670330319683,
            "ci_high": 1.0,
            "count": 11
          }
        },
        "expectation_management": {
          "all": {
            "mean": 1.0,
            "ci_low": 0.20654931437723742,
            "ci_high": 1.0,
            "count": 1
          },
          "lofo": {
            "mean": 1.0,
            "ci_low": 0.20654931437723742,
            "ci_high": 1.0,
            "count": 1
          }
        },
        "feasibility_analysis": {
          "all": {
            "mean": 1.0,
            "ci_low": 0.3423802275066531,
            "ci_high": 1.0,
            "count": 2
          },
          "lofo": {
            "mean": 1.0,
            "ci_low": 0.3423802275066531,
            "ci_high": 1.0,
            "count": 2
          }
        },
        "experiment_design": {
          "all": {
            "mean": 1.0,
            "ci_low": 0.5101091635454027,
            "ci_high": 1.0,
            "count": 4
          },
          "lofo": {
            "mean": 1.0,
            "ci_low": 0.5101091635454027,
            "ci_high": 1.0,
            "count": 4
          }
        },
        "skills_gap_guidance": {
          "all": {
            "mean": 1.0,
            "ci_low": 0.20654931437723742,
            "ci_high": 1.0,
            "count": 1
          },
          "lofo": {
            "mean": 1.0,
            "ci_low": 0.20654931437723742,
            "ci_high": 1.0,
            "count": 1
          }
        }
      }
    }
  }
}