{
  "stage": "D",
  "label": "student_outcome_judge_mentor_manual",
  "kind": "student",
  "systems": {
    "mentor_manual": {
      "generator_family": "mentor",
      "metrics": {
        "student_actionability": {
          "all": {
            "mean": 1.3800000000000001,
            "ci_low": 1.2733333333333332,
            "ci_high": 1.5022222222222223,
            "count": 15
          },
          "lofo": {
            "mean": 1.3800000000000001,
            "ci_low": 1.2733333333333332,
            "ci_high": 1.5022222222222223,
            "count": 15
          }
        },
        "student_clarity": {
          "all": {
            "mean": 1.613333333333333,
            "ci_low": 1.5355555555555556,
            "ci_high": 1.6866666666666668,
            "count": 15
          },
          "lofo": {
            "mean": 1.613333333333333,
            "ci_low": 1.5355555555555556,
            "ci_high": 1.6866666666666668,
            "count": 15
          }
        },
        "student_constraint_fit": {
          "all": {
            "mean": 1.068888888888889,
            "ci_low": 0.9711111111111113,
            "ci_high": 1.1800555555555554,
            "count": 15
          },
          "lofo": {
            "mean": 1.068888888888889,
            "ci_low": 0.9711111111111113,
            "ci_high": 1.1800555555555554,
            "count": 15
          }
        },
        "student_confidence_gain": {
          "all": {
            "mean": 1.4088888888888889,
            "ci_low": 1.3177777777777777,
            "ci_high": 1.5066666666666666,
            "count": 15
          },
          "lofo": {
            "mean": 1.4088888888888889,
            "ci_low": 1.3177777777777777,
            "ci_high": 1.5066666666666666,
            "count": 15
          }
        },
        "student_path_ready": {
          "all": {
            "mean": 0.6,
            "ci_low": 0.35746830120624606,
            "ci_high": 0.8017550385865843,
            "count": 15
          },
          "lofo": {
            "mean": 0.6,
            "ci_low": 0.35746830120624606,
            "ci_high": 0.8017550385865843,
            "count": 15
          }
        },
        "student_failure_modes": {
          "all": {
            "mean": 0.8,
            "ci_low": 0.5481455128483065,
            "ci_high": 0.9295245065301844,
            "count": 15
          },
          "lofo": {
            "mean": 0.8,
            "ci_low": 0.5481455128483065,
            "ci_high": 0.9295245065301844,
            "count": 15
          }
        }
      }
    }
  }
}