{
  "stage": "E",
  "label": "student_outcome_judge_mentor_manual",
  "kind": "student",
  "systems": {
    "mentor_manual": {
      "generator_family": "mentor",
      "metrics": {
        "student_actionability": {
          "all": {
            "mean": 1.4777777777777779,
            "ci_low": 1.3621666666666665,
            "ci_high": 1.5978333333333332,
            "count": 15
          },
          "lofo": {
            "mean": 1.4777777777777779,
            "ci_low": 1.3621666666666665,
            "ci_high": 1.5978333333333332,
            "count": 15
          }
        },
        "student_clarity": {
          "all": {
            "mean": 1.706666666666667,
            "ci_low": 1.6466111111111112,
            "ci_high": 1.7666666666666666,
            "count": 15
          },
          "lofo": {
            "mean": 1.706666666666667,
            "ci_low": 1.6466111111111112,
            "ci_high": 1.7666666666666666,
            "count": 15
          }
        },
        "student_constraint_fit": {
          "all": {
            "mean": 1.1955555555555557,
            "ci_low": 1.0666666666666667,
            "ci_high": 1.3133333333333335,
            "count": 15
          },
          "lofo": {
            "mean": 1.1955555555555557,
            "ci_low": 1.0666666666666667,
            "ci_high": 1.3133333333333335,
            "count": 15
          }
        },
        "student_confidence_gain": {
          "all": {
            "mean": 1.586666666666667,
            "ci_low": 1.5111111111111115,
            "ci_high": 1.6511111111111112,
            "count": 15
          },
          "lofo": {
            "mean": 1.586666666666667,
            "ci_low": 1.5111111111111115,
            "ci_high": 1.6511111111111112,
            "count": 15
          }
        },
        "student_path_ready": {
          "all": {
            "mean": 0.8666666666666667,
            "ci_low": 0.6211801716767764,
            "ci_high": 0.9626387408969347,
            "count": 15
          },
          "lofo": {
            "mean": 0.8666666666666667,
            "ci_low": 0.6211801716767764,
            "ci_high": 0.9626387408969347,
            "count": 15
          }
        },
        "student_failure_modes": {
          "all": {
            "mean": 0.6666666666666666,
            "ci_low": 0.41713547738519774,
            "ci_high": 0.8482367556028527,
            "count": 15
          },
          "lofo": {
            "mean": 0.6666666666666666,
            "ci_low": 0.41713547738519774,
            "ci_high": 0.8482367556028527,
            "count": 15
          }
        }
      }
    }
  }
}