{
  "stage": "F",
  "label": "student_outcome_judge_mentor_manual",
  "kind": "student",
  "systems": {
    "mentor_manual": {
      "generator_family": "mentor",
      "metrics": {
        "student_actionability": {
          "all": {
            "mean": 1.6111111111111107,
            "ci_low": 1.4933333333333332,
            "ci_high": 1.7288888888888887,
            "count": 15
          },
          "lofo": {
            "mean": 1.6111111111111107,
            "ci_low": 1.4933333333333332,
            "ci_high": 1.7288888888888887,
            "count": 15
          }
        },
        "student_clarity": {
          "all": {
            "mean": 1.7111111111111115,
            "ci_low": 1.6400000000000003,
            "ci_high": 1.7866666666666666,
            "count": 15
          },
          "lofo": {
            "mean": 1.7111111111111115,
            "ci_low": 1.6400000000000003,
            "ci_high": 1.7866666666666666,
            "count": 15
          }
        },
        "student_constraint_fit": {
          "all": {
            "mean": 1.3222222222222222,
            "ci_low": 1.222222222222222,
            "ci_high": 1.4266666666666665,
            "count": 15
          },
          "lofo": {
            "mean": 1.3222222222222222,
            "ci_low": 1.222222222222222,
            "ci_high": 1.4266666666666665,
            "count": 15
          }
        },
        "student_confidence_gain": {
          "all": {
            "mean": 1.5577777777777775,
            "ci_low": 1.4666666666666666,
            "ci_high": 1.6488888888888888,
            "count": 15
          },
          "lofo": {
            "mean": 1.5577777777777775,
            "ci_low": 1.4666666666666666,
            "ci_high": 1.6488888888888888,
            "count": 15
          }
        },
        "student_path_ready": {
          "all": {
            "mean": 1.0,
            "ci_low": 0.7961166989641514,
            "ci_high": 1.0,
            "count": 15
          },
          "lofo": {
            "mean": 1.0,
            "ci_low": 0.7961166989641514,
            "ci_high": 1.0,
            "count": 15
          }
        },
        "student_failure_modes": {
          "all": {
            "mean": 0.9333333333333333,
            "ci_low": 0.7018347012621998,
            "ci_high": 0.9881331045067316,
            "count": 15
          },
          "lofo": {
            "mean": 0.9333333333333333,
            "ci_low": 0.7018347012621998,
            "ci_high": 0.9881331045067316,
            "count": 15
          }
        }
      }
    }
  }
}